session_id,condition,family,omission_position,matched_control,n_files,signal_classes_detected,source_basenames,warnings,truth_status
230629,AAAB,A-family,None,AAAB,4,"LFP,SPK","ses230629-probe0-lfp-AAAB.npy,ses230629-probe1-lfp-AAAB.npy,ses230629-units-probe0-spk-AAAB.npy,ses230629-units-probe1-spk-AAAB.npy",None,truth_safe_unverified
230629,AAAX,A-family,p4,AAAB,4,"LFP,SPK","ses230629-probe0-lfp-AAAX.npy,ses230629-probe1-lfp-AAAX.npy,ses230629-units-probe0-spk-AAAX.npy,ses230629-units-probe1-spk-AAAX.npy",None,truth_safe_unverified
230629,AAXB,A-family,p3,AAAB,4,"LFP,SPK","ses230629-probe0-lfp-AAXB.npy,ses230629-probe1-lfp-AAXB.npy,ses230629-units-probe0-spk-AAXB.npy,ses230629-units-probe1-spk-AAXB.npy",None,truth_safe_unverified
230629,AXAB,A-family,p2,AAAB,4,"LFP,SPK","ses230629-probe0-lfp-AXAB.npy,ses230629-probe1-lfp-AXAB.npy,ses230629-units-probe0-spk-AXAB.npy,ses230629-units-probe1-spk-AXAB.npy",None,truth_safe_unverified
230629,BBBA,B-family,None,BBBA,4,"LFP,SPK","ses230629-probe0-lfp-BBBA.npy,ses230629-probe1-lfp-BBBA.npy,ses230629-units-probe0-spk-BBBA.npy,ses230629-units-probe1-spk-BBBA.npy",None,truth_safe_unverified
230629,BBBX,B-family,p4,BBBA,4,"LFP,SPK","ses230629-probe0-lfp-BBBX.npy,ses230629-probe1-lfp-BBBX.npy,ses230629-units-probe0-spk-BBBX.npy,ses230629-units-probe1-spk-BBBX.npy",None,truth_safe_unverified
230629,BBXA,B-family,p3,BBBA,4,"LFP,SPK","ses230629-probe0-lfp-BBXA.npy,ses230629-probe1-lfp-BBXA.npy,ses230629-units-probe0-spk-BBXA.npy,ses230629-units-probe1-spk-BBXA.npy",None,truth_safe_unverified
230629,BXBA,B-family,p2,BBBA,4,"LFP,SPK","ses230629-probe0-lfp-BXBA.npy,ses230629-probe1-lfp-BXBA.npy,ses230629-units-probe0-spk-BXBA.npy,ses230629-units-probe1-spk-BXBA.npy",None,truth_safe_unverified
230629,RRRR,R-family,None,RRRR,4,"LFP,SPK","ses230629-probe0-lfp-RRRR.npy,ses230629-probe1-lfp-RRRR.npy,ses230629-units-probe0-spk-RRRR.npy,ses230629-units-probe1-spk-RRRR.npy",None,truth_safe_unverified
230629,RRRX,R-family,p4,RRRR,4,"LFP,SPK","ses230629-probe0-lfp-RRRX.npy,ses230629-probe1-lfp-RRRX.npy,ses230629-units-probe0-spk-RRRX.npy,ses230629-units-probe1-spk-RRRX.npy",None,truth_safe_unverified
230629,RRXR,R-family,p3,RRRR,4,"LFP,SPK","ses230629-probe0-lfp-RRXR.npy,ses230629-probe1-lfp-RRXR.npy,ses230629-units-probe0-spk-RRXR.npy,ses230629-units-probe1-spk-RRXR.npy",None,truth_safe_unverified
230629,RXRR,R-family,p2,RRRR,4,"LFP,SPK","ses230629-probe0-lfp-RXRR.npy,ses230629-probe1-lfp-RXRR.npy,ses230629-units-probe0-spk-RXRR.npy,ses230629-units-probe1-spk-RXRR.npy",None,truth_safe_unverified
230630,AAAB,A-family,None,AAAB,6,"LFP,SPK","ses230630-probe0-lfp-AAAB.npy,ses230630-probe1-lfp-AAAB.npy,ses230630-probe2-lfp-AAAB.npy,ses230630-units-probe0-spk-AAAB.npy,ses230630-units-probe1-spk-AAAB.npy,ses230630-units-probe2-spk-AAAB.npy",None,truth_safe_unverified
230630,AAAX,A-family,p4,AAAB,6,"LFP,SPK","ses230630-probe0-lfp-AAAX.npy,ses230630-probe1-lfp-AAAX.npy,ses230630-probe2-lfp-AAAX.npy,ses230630-units-probe0-spk-AAAX.npy,ses230630-units-probe1-spk-AAAX.npy,ses230630-units-probe2-spk-AAAX.npy",None,truth_safe_unverified
230630,AAXB,A-family,p3,AAAB,6,"LFP,SPK","ses230630-probe0-lfp-AAXB.npy,ses230630-probe1-lfp-AAXB.npy,ses230630-probe2-lfp-AAXB.npy,ses230630-units-probe0-spk-AAXB.npy,ses230630-units-probe1-spk-AAXB.npy,ses230630-units-probe2-spk-AAXB.npy",None,truth_safe_unverified
230630,AXAB,A-family,p2,AAAB,6,"LFP,SPK","ses230630-probe0-lfp-AXAB.npy,ses230630-probe1-lfp-AXAB.npy,ses230630-probe2-lfp-AXAB.npy,ses230630-units-probe0-spk-AXAB.npy,ses230630-units-probe1-spk-AXAB.npy,ses230630-units-probe2-spk-AXAB.npy",None,truth_safe_unverified
230630,BBBA,B-family,None,BBBA,6,"LFP,SPK","ses230630-probe0-lfp-BBBA.npy,ses230630-probe1-lfp-BBBA.npy,ses230630-probe2-lfp-BBBA.npy,ses230630-units-probe0-spk-BBBA.npy,ses230630-units-probe1-spk-BBBA.npy,ses230630-units-probe2-spk-BBBA.npy",None,truth_safe_unverified
230630,BBBX,B-family,p4,BBBA,6,"LFP,SPK","ses230630-probe0-lfp-BBBX.npy,ses230630-probe1-lfp-BBBX.npy,ses230630-probe2-lfp-BBBX.npy,ses230630-units-probe0-spk-BBBX.npy,ses230630-units-probe1-spk-BBBX.npy,ses230630-units-probe2-spk-BBBX.npy",None,truth_safe_unverified
230630,BBXA,B-family,p3,BBBA,6,"LFP,SPK","ses230630-probe0-lfp-BBXA.npy,ses230630-probe1-lfp-BBXA.npy,ses230630-probe2-lfp-BBXA.npy,ses230630-units-probe0-spk-BBXA.npy,ses230630-units-probe1-spk-BBXA.npy,ses230630-units-probe2-spk-BBXA.npy",None,truth_safe_unverified
230630,BXBA,B-family,p2,BBBA,6,"LFP,SPK","ses230630-probe0-lfp-BXBA.npy,ses230630-probe1-lfp-BXBA.npy,ses230630-probe2-lfp-BXBA.npy,ses230630-units-probe0-spk-BXBA.npy,ses230630-units-probe1-spk-BXBA.npy,ses230630-units-probe2-spk-BXBA.npy",None,truth_safe_unverified
230630,RRRR,R-family,None,RRRR,6,"LFP,SPK","ses230630-probe0-lfp-RRRR.npy,ses230630-probe1-lfp-RRRR.npy,ses230630-probe2-lfp-RRRR.npy,ses230630-units-probe0-spk-RRRR.npy,ses230630-units-probe1-spk-RRRR.npy,ses230630-units-probe2-spk-RRRR.npy",None,truth_safe_unverified
230630,RRRX,R-family,p4,RRRR,6,"LFP,SPK","ses230630-probe0-lfp-RRRX.npy,ses230630-probe1-lfp-RRRX.npy,ses230630-probe2-lfp-RRRX.npy,ses230630-units-probe0-spk-RRRX.npy,ses230630-units-probe1-spk-RRRX.npy,ses230630-units-probe2-spk-RRRX.npy",None,truth_safe_unverified
230630,RRXR,R-family,p3,RRRR,6,"LFP,SPK","ses230630-probe0-lfp-RRXR.npy,ses230630-probe1-lfp-RRXR.npy,ses230630-probe2-lfp-RRXR.npy,ses230630-units-probe0-spk-RRXR.npy,ses230630-units-probe1-spk-RRXR.npy,ses230630-units-probe2-spk-RRXR.npy",None,truth_safe_unverified
230630,RXRR,R-family,p2,RRRR,6,"LFP,SPK","ses230630-probe0-lfp-RXRR.npy,ses230630-probe1-lfp-RXRR.npy,ses230630-probe2-lfp-RXRR.npy,ses230630-units-probe0-spk-RXRR.npy,ses230630-units-probe1-spk-RXRR.npy,ses230630-units-probe2-spk-RXRR.npy",None,truth_safe_unverified
230714,AAAB,A-family,None,AAAB,4,"LFP,SPK","ses230714-probe0-lfp-AAAB.npy,ses230714-probe1-lfp-AAAB.npy,ses230714-units-probe0-spk-AAAB.npy,ses230714-units-probe1-spk-AAAB.npy",None,truth_safe_unverified
230714,AAAX,A-family,p4,AAAB,4,"LFP,SPK","ses230714-probe0-lfp-AAAX.npy,ses230714-probe1-lfp-AAAX.npy,ses230714-units-probe0-spk-AAAX.npy,ses230714-units-probe1-spk-AAAX.npy",None,truth_safe_unverified
230714,AAXB,A-family,p3,AAAB,4,"LFP,SPK","ses230714-probe0-lfp-AAXB.npy,ses230714-probe1-lfp-AAXB.npy,ses230714-units-probe0-spk-AAXB.npy,ses230714-units-probe1-spk-AAXB.npy",None,truth_safe_unverified
230714,AXAB,A-family,p2,AAAB,4,"LFP,SPK","ses230714-probe0-lfp-AXAB.npy,ses230714-probe1-lfp-AXAB.npy,ses230714-units-probe0-spk-AXAB.npy,ses230714-units-probe1-spk-AXAB.npy",None,truth_safe_unverified
230714,BBBA,B-family,None,BBBA,4,"LFP,SPK","ses230714-probe0-lfp-BBBA.npy,ses230714-probe1-lfp-BBBA.npy,ses230714-units-probe0-spk-BBBA.npy,ses230714-units-probe1-spk-BBBA.npy",None,truth_safe_unverified
230714,BBBX,B-family,p4,BBBA,4,"LFP,SPK","ses230714-probe0-lfp-BBBX.npy,ses230714-probe1-lfp-BBBX.npy,ses230714-units-probe0-spk-BBBX.npy,ses230714-units-probe1-spk-BBBX.npy",None,truth_safe_unverified
230714,BBXA,B-family,p3,BBBA,4,"LFP,SPK","ses230714-probe0-lfp-BBXA.npy,ses230714-probe1-lfp-BBXA.npy,ses230714-units-probe0-spk-BBXA.npy,ses230714-units-probe1-spk-BBXA.npy",None,truth_safe_unverified
230714,BXBA,B-family,p2,BBBA,4,"LFP,SPK","ses230714-probe0-lfp-BXBA.npy,ses230714-probe1-lfp-BXBA.npy,ses230714-units-probe0-spk-BXBA.npy,ses230714-units-probe1-spk-BXBA.npy",None,truth_safe_unverified
230714,RRRR,R-family,None,RRRR,4,"LFP,SPK","ses230714-probe0-lfp-RRRR.npy,ses230714-probe1-lfp-RRRR.npy,ses230714-units-probe0-spk-RRRR.npy,ses230714-units-probe1-spk-RRRR.npy",None,truth_safe_unverified
230714,RRRX,R-family,p4,RRRR,4,"LFP,SPK","ses230714-probe0-lfp-RRRX.npy,ses230714-probe1-lfp-RRRX.npy,ses230714-units-probe0-spk-RRRX.npy,ses230714-units-probe1-spk-RRRX.npy",None,truth_safe_unverified
230714,RRXR,R-family,p3,RRRR,4,"LFP,SPK","ses230714-probe0-lfp-RRXR.npy,ses230714-probe1-lfp-RRXR.npy,ses230714-units-probe0-spk-RRXR.npy,ses230714-units-probe1-spk-RRXR.npy",None,truth_safe_unverified
230714,RXRR,R-family,p2,RRRR,4,"LFP,SPK","ses230714-probe0-lfp-RXRR.npy,ses230714-probe1-lfp-RXRR.npy,ses230714-units-probe0-spk-RXRR.npy,ses230714-units-probe1-spk-RXRR.npy",None,truth_safe_unverified
230719,AAAB,A-family,None,AAAB,5,"LFP,SPK","ses230719-probe0-lfp-AAAB.npy,ses230719-probe1-lfp-AAAB.npy,ses230719-probe2-lfp-AAAB.npy,ses230719-units-probe0-spk-AAAB.npy,ses230719-units-probe2-spk-AAAB.npy",None,truth_safe_unverified
230719,AAAX,A-family,p4,AAAB,5,"LFP,SPK","ses230719-probe0-lfp-AAAX.npy,ses230719-probe1-lfp-AAAX.npy,ses230719-probe2-lfp-AAAX.npy,ses230719-units-probe0-spk-AAAX.npy,ses230719-units-probe2-spk-AAAX.npy",None,truth_safe_unverified
230719,AAXB,A-family,p3,AAAB,5,"LFP,SPK","ses230719-probe0-lfp-AAXB.npy,ses230719-probe1-lfp-AAXB.npy,ses230719-probe2-lfp-AAXB.npy,ses230719-units-probe0-spk-AAXB.npy,ses230719-units-probe2-spk-AAXB.npy",None,truth_safe_unverified
230719,AXAB,A-family,p2,AAAB,5,"LFP,SPK","ses230719-probe0-lfp-AXAB.npy,ses230719-probe1-lfp-AXAB.npy,ses230719-probe2-lfp-AXAB.npy,ses230719-units-probe0-spk-AXAB.npy,ses230719-units-probe2-spk-AXAB.npy",None,truth_safe_unverified
230719,BBBA,B-family,None,BBBA,5,"LFP,SPK","ses230719-probe0-lfp-BBBA.npy,ses230719-probe1-lfp-BBBA.npy,ses230719-probe2-lfp-BBBA.npy,ses230719-units-probe0-spk-BBBA.npy,ses230719-units-probe2-spk-BBBA.npy",None,truth_safe_unverified
230719,BBBX,B-family,p4,BBBA,5,"LFP,SPK","ses230719-probe0-lfp-BBBX.npy,ses230719-probe1-lfp-BBBX.npy,ses230719-probe2-lfp-BBBX.npy,ses230719-units-probe0-spk-BBBX.npy,ses230719-units-probe2-spk-BBBX.npy",None,truth_safe_unverified
230719,BBXA,B-family,p3,BBBA,5,"LFP,SPK","ses230719-probe0-lfp-BBXA.npy,ses230719-probe1-lfp-BBXA.npy,ses230719-probe2-lfp-BBXA.npy,ses230719-units-probe0-spk-BBXA.npy,ses230719-units-probe2-spk-BBXA.npy",None,truth_safe_unverified
230719,BXBA,B-family,p2,BBBA,5,"LFP,SPK","ses230719-probe0-lfp-BXBA.npy,ses230719-probe1-lfp-BXBA.npy,ses230719-probe2-lfp-BXBA.npy,ses230719-units-probe0-spk-BXBA.npy,ses230719-units-probe2-spk-BXBA.npy",None,truth_safe_unverified
230719,RRRR,R-family,None,RRRR,5,"LFP,SPK","ses230719-probe0-lfp-RRRR.npy,ses230719-probe1-lfp-RRRR.npy,ses230719-probe2-lfp-RRRR.npy,ses230719-units-probe0-spk-RRRR.npy,ses230719-units-probe2-spk-RRRR.npy",None,truth_safe_unverified
230719,RRRX,R-family,p4,RRRR,5,"LFP,SPK","ses230719-probe0-lfp-RRRX.npy,ses230719-probe1-lfp-RRRX.npy,ses230719-probe2-lfp-RRRX.npy,ses230719-units-probe0-spk-RRRX.npy,ses230719-units-probe2-spk-RRRX.npy",None,truth_safe_unverified
230719,RRXR,R-family,p3,RRRR,5,"LFP,SPK","ses230719-probe0-lfp-RRXR.npy,ses230719-probe1-lfp-RRXR.npy,ses230719-probe2-lfp-RRXR.npy,ses230719-units-probe0-spk-RRXR.npy,ses230719-units-probe2-spk-RRXR.npy",None,truth_safe_unverified
230719,RXRR,R-family,p2,RRRR,5,"LFP,SPK","ses230719-probe0-lfp-RXRR.npy,ses230719-probe1-lfp-RXRR.npy,ses230719-probe2-lfp-RXRR.npy,ses230719-units-probe0-spk-RXRR.npy,ses230719-units-probe2-spk-RXRR.npy",None,truth_safe_unverified
230720,AAAB,A-family,None,AAAB,4,"LFP,SPK","ses230720-probe0-lfp-AAAB.npy,ses230720-probe1-lfp-AAAB.npy,ses230720-units-probe0-spk-AAAB.npy,ses230720-units-probe1-spk-AAAB.npy",None,truth_safe_unverified
230720,AAAX,A-family,p4,AAAB,4,"LFP,SPK","ses230720-probe0-lfp-AAAX.npy,ses230720-probe1-lfp-AAAX.npy,ses230720-units-probe0-spk-AAAX.npy,ses230720-units-probe1-spk-AAAX.npy",None,truth_safe_unverified
230720,AAXB,A-family,p3,AAAB,4,"LFP,SPK","ses230720-probe0-lfp-AAXB.npy,ses230720-probe1-lfp-AAXB.npy,ses230720-units-probe0-spk-AAXB.npy,ses230720-units-probe1-spk-AAXB.npy",None,truth_safe_unverified
230720,AXAB,A-family,p2,AAAB,4,"LFP,SPK","ses230720-probe0-lfp-AXAB.npy,ses230720-probe1-lfp-AXAB.npy,ses230720-units-probe0-spk-AXAB.npy,ses230720-units-probe1-spk-AXAB.npy",None,truth_safe_unverified
230720,BBBA,B-family,None,BBBA,4,"LFP,SPK","ses230720-probe0-lfp-BBBA.npy,ses230720-probe1-lfp-BBBA.npy,ses230720-units-probe0-spk-BBBA.npy,ses230720-units-probe1-spk-BBBA.npy",None,truth_safe_unverified
230720,BBBX,B-family,p4,BBBA,4,"LFP,SPK","ses230720-probe0-lfp-BBBX.npy,ses230720-probe1-lfp-BBBX.npy,ses230720-units-probe0-spk-BBBX.npy,ses230720-units-probe1-spk-BBBX.npy",None,truth_safe_unverified
230720,BBXA,B-family,p3,BBBA,4,"LFP,SPK","ses230720-probe0-lfp-BBXA.npy,ses230720-probe1-lfp-BBXA.npy,ses230720-units-probe0-spk-BBXA.npy,ses230720-units-probe1-spk-BBXA.npy",None,truth_safe_unverified
230720,BXBA,B-family,p2,BBBA,4,"LFP,SPK","ses230720-probe0-lfp-BXBA.npy,ses230720-probe1-lfp-BXBA.npy,ses230720-units-probe0-spk-BXBA.npy,ses230720-units-probe1-spk-BXBA.npy",None,truth_safe_unverified
230720,RRRR,R-family,None,RRRR,4,"LFP,SPK","ses230720-probe0-lfp-RRRR.npy,ses230720-probe1-lfp-RRRR.npy,ses230720-units-probe0-spk-RRRR.npy,ses230720-units-probe1-spk-RRRR.npy",None,truth_safe_unverified
230720,RRRX,R-family,p4,RRRR,4,"LFP,SPK","ses230720-probe0-lfp-RRRX.npy,ses230720-probe1-lfp-RRRX.npy,ses230720-units-probe0-spk-RRRX.npy,ses230720-units-probe1-spk-RRRX.npy",None,truth_safe_unverified
230720,RRXR,R-family,p3,RRRR,4,"LFP,SPK","ses230720-probe0-lfp-RRXR.npy,ses230720-probe1-lfp-RRXR.npy,ses230720-units-probe0-spk-RRXR.npy,ses230720-units-probe1-spk-RRXR.npy",None,truth_safe_unverified
230720,RXRR,R-family,p2,RRRR,4,"LFP,SPK","ses230720-probe0-lfp-RXRR.npy,ses230720-probe1-lfp-RXRR.npy,ses230720-units-probe0-spk-RXRR.npy,ses230720-units-probe1-spk-RXRR.npy",None,truth_safe_unverified
230721,AAAB,A-family,None,AAAB,4,"LFP,SPK","ses230721-probe0-lfp-AAAB.npy,ses230721-probe1-lfp-AAAB.npy,ses230721-units-probe0-spk-AAAB.npy,ses230721-units-probe1-spk-AAAB.npy",None,truth_safe_unverified
230721,AAAX,A-family,p4,AAAB,4,"LFP,SPK","ses230721-probe0-lfp-AAAX.npy,ses230721-probe1-lfp-AAAX.npy,ses230721-units-probe0-spk-AAAX.npy,ses230721-units-probe1-spk-AAAX.npy",None,truth_safe_unverified
230721,AAXB,A-family,p3,AAAB,4,"LFP,SPK","ses230721-probe0-lfp-AAXB.npy,ses230721-probe1-lfp-AAXB.npy,ses230721-units-probe0-spk-AAXB.npy,ses230721-units-probe1-spk-AAXB.npy",None,truth_safe_unverified
230721,AXAB,A-family,p2,AAAB,4,"LFP,SPK","ses230721-probe0-lfp-AXAB.npy,ses230721-probe1-lfp-AXAB.npy,ses230721-units-probe0-spk-AXAB.npy,ses230721-units-probe1-spk-AXAB.npy",None,truth_safe_unverified
230721,BBBA,B-family,None,BBBA,4,"LFP,SPK","ses230721-probe0-lfp-BBBA.npy,ses230721-probe1-lfp-BBBA.npy,ses230721-units-probe0-spk-BBBA.npy,ses230721-units-probe1-spk-BBBA.npy",None,truth_safe_unverified
230721,BBBX,B-family,p4,BBBA,4,"LFP,SPK","ses230721-probe0-lfp-BBBX.npy,ses230721-probe1-lfp-BBBX.npy,ses230721-units-probe0-spk-BBBX.npy,ses230721-units-probe1-spk-BBBX.npy",None,truth_safe_unverified
230721,BBXA,B-family,p3,BBBA,4,"LFP,SPK","ses230721-probe0-lfp-BBXA.npy,ses230721-probe1-lfp-BBXA.npy,ses230721-units-probe0-spk-BBXA.npy,ses230721-units-probe1-spk-BBXA.npy",None,truth_safe_unverified
230721,BXBA,B-family,p2,BBBA,4,"LFP,SPK","ses230721-probe0-lfp-BXBA.npy,ses230721-probe1-lfp-BXBA.npy,ses230721-units-probe0-spk-BXBA.npy,ses230721-units-probe1-spk-BXBA.npy",None,truth_safe_unverified
230721,RRRR,R-family,None,RRRR,4,"LFP,SPK","ses230721-probe0-lfp-RRRR.npy,ses230721-probe1-lfp-RRRR.npy,ses230721-units-probe0-spk-RRRR.npy,ses230721-units-probe1-spk-RRRR.npy",None,truth_safe_unverified
230721,RRRX,R-family,p4,RRRR,4,"LFP,SPK","ses230721-probe0-lfp-RRRX.npy,ses230721-probe1-lfp-RRRX.npy,ses230721-units-probe0-spk-RRRX.npy,ses230721-units-probe1-spk-RRRX.npy",None,truth_safe_unverified
230721,RRXR,R-family,p3,RRRR,4,"LFP,SPK","ses230721-probe0-lfp-RRXR.npy,ses230721-probe1-lfp-RRXR.npy,ses230721-units-probe0-spk-RRXR.npy,ses230721-units-probe1-spk-RRXR.npy",None,truth_safe_unverified
230721,RXRR,R-family,p2,RRRR,4,"LFP,SPK","ses230721-probe0-lfp-RXRR.npy,ses230721-probe1-lfp-RXRR.npy,ses230721-units-probe0-spk-RXRR.npy,ses230721-units-probe1-spk-RXRR.npy",None,truth_safe_unverified
230816,AAAB,A-family,None,AAAB,6,"LFP,SPK","ses230816-probe0-lfp-AAAB.npy,ses230816-probe1-lfp-AAAB.npy,ses230816-probe2-lfp-AAAB.npy,ses230816-units-probe0-spk-AAAB.npy,ses230816-units-probe1-spk-AAAB.npy,ses230816-units-probe2-spk-AAAB.npy",None,truth_safe_unverified
230816,AAAX,A-family,p4,AAAB,6,"LFP,SPK","ses230816-probe0-lfp-AAAX.npy,ses230816-probe1-lfp-AAAX.npy,ses230816-probe2-lfp-AAAX.npy,ses230816-units-probe0-spk-AAAX.npy,ses230816-units-probe1-spk-AAAX.npy,ses230816-units-probe2-spk-AAAX.npy",None,truth_safe_unverified
230816,AAXB,A-family,p3,AAAB,6,"LFP,SPK","ses230816-probe0-lfp-AAXB.npy,ses230816-probe1-lfp-AAXB.npy,ses230816-probe2-lfp-AAXB.npy,ses230816-units-probe0-spk-AAXB.npy,ses230816-units-probe1-spk-AAXB.npy,ses230816-units-probe2-spk-AAXB.npy",None,truth_safe_unverified
230816,AXAB,A-family,p2,AAAB,6,"LFP,SPK","ses230816-probe0-lfp-AXAB.npy,ses230816-probe1-lfp-AXAB.npy,ses230816-probe2-lfp-AXAB.npy,ses230816-units-probe0-spk-AXAB.npy,ses230816-units-probe1-spk-AXAB.npy,ses230816-units-probe2-spk-AXAB.npy",None,truth_safe_unverified
230816,BBBA,B-family,None,BBBA,6,"LFP,SPK","ses230816-probe0-lfp-BBBA.npy,ses230816-probe1-lfp-BBBA.npy,ses230816-probe2-lfp-BBBA.npy,ses230816-units-probe0-spk-BBBA.npy,ses230816-units-probe1-spk-BBBA.npy,ses230816-units-probe2-spk-BBBA.npy",None,truth_safe_unverified
230816,BBBX,B-family,p4,BBBA,6,"LFP,SPK","ses230816-probe0-lfp-BBBX.npy,ses230816-probe1-lfp-BBBX.npy,ses230816-probe2-lfp-BBBX.npy,ses230816-units-probe0-spk-BBBX.npy,ses230816-units-probe1-spk-BBBX.npy,ses230816-units-probe2-spk-BBBX.npy",None,truth_safe_unverified
230816,BBXA,B-family,p3,BBBA,6,"LFP,SPK","ses230816-probe0-lfp-BBXA.npy,ses230816-probe1-lfp-BBXA.npy,ses230816-probe2-lfp-BBXA.npy,ses230816-units-probe0-spk-BBXA.npy,ses230816-units-probe1-spk-BBXA.npy,ses230816-units-probe2-spk-BBXA.npy",None,truth_safe_unverified
230816,BXBA,B-family,p2,BBBA,6,"LFP,SPK","ses230816-probe0-lfp-BXBA.npy,ses230816-probe1-lfp-BXBA.npy,ses230816-probe2-lfp-BXBA.npy,ses230816-units-probe0-spk-BXBA.npy,ses230816-units-probe1-spk-BXBA.npy,ses230816-units-probe2-spk-BXBA.npy",None,truth_safe_unverified
230816,RRRR,R-family,None,RRRR,6,"LFP,SPK","ses230816-probe0-lfp-RRRR.npy,ses230816-probe1-lfp-RRRR.npy,ses230816-probe2-lfp-RRRR.npy,ses230816-units-probe0-spk-RRRR.npy,ses230816-units-probe1-spk-RRRR.npy,ses230816-units-probe2-spk-RRRR.npy",None,truth_safe_unverified
230816,RRRX,R-family,p4,RRRR,6,"LFP,SPK","ses230816-probe0-lfp-RRRX.npy,ses230816-probe1-lfp-RRRX.npy,ses230816-probe2-lfp-RRRX.npy,ses230816-units-probe0-spk-RRRX.npy,ses230816-units-probe1-spk-RRRX.npy,ses230816-units-probe2-spk-RRRX.npy",None,truth_safe_unverified
230816,RRXR,R-family,p3,RRRR,6,"LFP,SPK","ses230816-probe0-lfp-RRXR.npy,ses230816-probe1-lfp-RRXR.npy,ses230816-probe2-lfp-RRXR.npy,ses230816-units-probe0-spk-RRXR.npy,ses230816-units-probe1-spk-RRXR.npy,ses230816-units-probe2-spk-RRXR.npy",None,truth_safe_unverified
230816,RXRR,R-family,p2,RRRR,6,"LFP,SPK","ses230816-probe0-lfp-RXRR.npy,ses230816-probe1-lfp-RXRR.npy,ses230816-probe2-lfp-RXRR.npy,ses230816-units-probe0-spk-RXRR.npy,ses230816-units-probe1-spk-RXRR.npy,ses230816-units-probe2-spk-RXRR.npy",None,truth_safe_unverified
230818,AAAB,A-family,None,AAAB,6,"LFP,SPK","ses230818-probe0-lfp-AAAB.npy,ses230818-probe1-lfp-AAAB.npy,ses230818-probe2-lfp-AAAB.npy,ses230818-units-probe0-spk-AAAB.npy,ses230818-units-probe1-spk-AAAB.npy,ses230818-units-probe2-spk-AAAB.npy",None,truth_safe_unverified
230818,AAAX,A-family,p4,AAAB,6,"LFP,SPK","ses230818-probe0-lfp-AAAX.npy,ses230818-probe1-lfp-AAAX.npy,ses230818-probe2-lfp-AAAX.npy,ses230818-units-probe0-spk-AAAX.npy,ses230818-units-probe1-spk-AAAX.npy,ses230818-units-probe2-spk-AAAX.npy",None,truth_safe_unverified
230818,AAXB,A-family,p3,AAAB,6,"LFP,SPK","ses230818-probe0-lfp-AAXB.npy,ses230818-probe1-lfp-AAXB.npy,ses230818-probe2-lfp-AAXB.npy,ses230818-units-probe0-spk-AAXB.npy,ses230818-units-probe1-spk-AAXB.npy,ses230818-units-probe2-spk-AAXB.npy",None,truth_safe_unverified
230818,AXAB,A-family,p2,AAAB,6,"LFP,SPK","ses230818-probe0-lfp-AXAB.npy,ses230818-probe1-lfp-AXAB.npy,ses230818-probe2-lfp-AXAB.npy,ses230818-units-probe0-spk-AXAB.npy,ses230818-units-probe1-spk-AXAB.npy,ses230818-units-probe2-spk-AXAB.npy",None,truth_safe_unverified
230818,BBBA,B-family,None,BBBA,6,"LFP,SPK","ses230818-probe0-lfp-BBBA.npy,ses230818-probe1-lfp-BBBA.npy,ses230818-probe2-lfp-BBBA.npy,ses230818-units-probe0-spk-BBBA.npy,ses230818-units-probe1-spk-BBBA.npy,ses230818-units-probe2-spk-BBBA.npy",None,truth_safe_unverified
230818,BBBX,B-family,p4,BBBA,6,"LFP,SPK","ses230818-probe0-lfp-BBBX.npy,ses230818-probe1-lfp-BBBX.npy,ses230818-probe2-lfp-BBBX.npy,ses230818-units-probe0-spk-BBBX.npy,ses230818-units-probe1-spk-BBBX.npy,ses230818-units-probe2-spk-BBBX.npy",None,truth_safe_unverified
230818,BBXA,B-family,p3,BBBA,6,"LFP,SPK","ses230818-probe0-lfp-BBXA.npy,ses230818-probe1-lfp-BBXA.npy,ses230818-probe2-lfp-BBXA.npy,ses230818-units-probe0-spk-BBXA.npy,ses230818-units-probe1-spk-BBXA.npy,ses230818-units-probe2-spk-BBXA.npy",None,truth_safe_unverified
230818,BXBA,B-family,p2,BBBA,6,"LFP,SPK","ses230818-probe0-lfp-BXBA.npy,ses230818-probe1-lfp-BXBA.npy,ses230818-probe2-lfp-BXBA.npy,ses230818-units-probe0-spk-BXBA.npy,ses230818-units-probe1-spk-BXBA.npy,ses230818-units-probe2-spk-BXBA.npy",None,truth_safe_unverified
230818,RRRR,R-family,None,RRRR,6,"LFP,SPK","ses230818-probe0-lfp-RRRR.npy,ses230818-probe1-lfp-RRRR.npy,ses230818-probe2-lfp-RRRR.npy,ses230818-units-probe0-spk-RRRR.npy,ses230818-units-probe1-spk-RRRR.npy,ses230818-units-probe2-spk-RRRR.npy",None,truth_safe_unverified
230818,RRRX,R-family,p4,RRRR,6,"LFP,SPK","ses230818-probe0-lfp-RRRX.npy,ses230818-probe1-lfp-RRRX.npy,ses230818-probe2-lfp-RRRX.npy,ses230818-units-probe0-spk-RRRX.npy,ses230818-units-probe1-spk-RRRX.npy,ses230818-units-probe2-spk-RRRX.npy",None,truth_safe_unverified
230818,RRXR,R-family,p3,RRRR,6,"LFP,SPK","ses230818-probe0-lfp-RRXR.npy,ses230818-probe1-lfp-RRXR.npy,ses230818-probe2-lfp-RRXR.npy,ses230818-units-probe0-spk-RRXR.npy,ses230818-units-probe1-spk-RRXR.npy,ses230818-units-probe2-spk-RRXR.npy",None,truth_safe_unverified
230818,RXRR,R-family,p2,RRRR,6,"LFP,SPK","ses230818-probe0-lfp-RXRR.npy,ses230818-probe1-lfp-RXRR.npy,ses230818-probe2-lfp-RXRR.npy,ses230818-units-probe0-spk-RXRR.npy,ses230818-units-probe1-spk-RXRR.npy,ses230818-units-probe2-spk-RXRR.npy",None,truth_safe_unverified
230823,AAAB,A-family,None,AAAB,6,"LFP,SPK","ses230823-probe0-lfp-AAAB.npy,ses230823-probe1-lfp-AAAB.npy,ses230823-probe2-lfp-AAAB.npy,ses230823-units-probe0-spk-AAAB.npy,ses230823-units-probe1-spk-AAAB.npy,ses230823-units-probe2-spk-AAAB.npy",None,truth_safe_unverified
230823,AAAX,A-family,p4,AAAB,6,"LFP,SPK","ses230823-probe0-lfp-AAAX.npy,ses230823-probe1-lfp-AAAX.npy,ses230823-probe2-lfp-AAAX.npy,ses230823-units-probe0-spk-AAAX.npy,ses230823-units-probe1-spk-AAAX.npy,ses230823-units-probe2-spk-AAAX.npy",None,truth_safe_unverified
230823,AAXB,A-family,p3,AAAB,6,"LFP,SPK","ses230823-probe0-lfp-AAXB.npy,ses230823-probe1-lfp-AAXB.npy,ses230823-probe2-lfp-AAXB.npy,ses230823-units-probe0-spk-AAXB.npy,ses230823-units-probe1-spk-AAXB.npy,ses230823-units-probe2-spk-AAXB.npy",None,truth_safe_unverified
230823,AXAB,A-family,p2,AAAB,6,"LFP,SPK","ses230823-probe0-lfp-AXAB.npy,ses230823-probe1-lfp-AXAB.npy,ses230823-probe2-lfp-AXAB.npy,ses230823-units-probe0-spk-AXAB.npy,ses230823-units-probe1-spk-AXAB.npy,ses230823-units-probe2-spk-AXAB.npy",None,truth_safe_unverified
230823,BBBA,B-family,None,BBBA,6,"LFP,SPK","ses230823-probe0-lfp-BBBA.npy,ses230823-probe1-lfp-BBBA.npy,ses230823-probe2-lfp-BBBA.npy,ses230823-units-probe0-spk-BBBA.npy,ses230823-units-probe1-spk-BBBA.npy,ses230823-units-probe2-spk-BBBA.npy",None,truth_safe_unverified
230823,BBBX,B-family,p4,BBBA,6,"LFP,SPK","ses230823-probe0-lfp-BBBX.npy,ses230823-probe1-lfp-BBBX.npy,ses230823-probe2-lfp-BBBX.npy,ses230823-units-probe0-spk-BBBX.npy,ses230823-units-probe1-spk-BBBX.npy,ses230823-units-probe2-spk-BBBX.npy",None,truth_safe_unverified
230823,BBXA,B-family,p3,BBBA,6,"LFP,SPK","ses230823-probe0-lfp-BBXA.npy,ses230823-probe1-lfp-BBXA.npy,ses230823-probe2-lfp-BBXA.npy,ses230823-units-probe0-spk-BBXA.npy,ses230823-units-probe1-spk-BBXA.npy,ses230823-units-probe2-spk-BBXA.npy",None,truth_safe_unverified
230823,BXBA,B-family,p2,BBBA,6,"LFP,SPK","ses230823-probe0-lfp-BXBA.npy,ses230823-probe1-lfp-BXBA.npy,ses230823-probe2-lfp-BXBA.npy,ses230823-units-probe0-spk-BXBA.npy,ses230823-units-probe1-spk-BXBA.npy,ses230823-units-probe2-spk-BXBA.npy",None,truth_safe_unverified
230823,RRRR,R-family,None,RRRR,6,"LFP,SPK","ses230823-probe0-lfp-RRRR.npy,ses230823-probe1-lfp-RRRR.npy,ses230823-probe2-lfp-RRRR.npy,ses230823-units-probe0-spk-RRRR.npy,ses230823-units-probe1-spk-RRRR.npy,ses230823-units-probe2-spk-RRRR.npy",None,truth_safe_unverified
230823,RRRX,R-family,p4,RRRR,6,"LFP,SPK","ses230823-probe0-lfp-RRRX.npy,ses230823-probe1-lfp-RRRX.npy,ses230823-probe2-lfp-RRRX.npy,ses230823-units-probe0-spk-RRRX.npy,ses230823-units-probe1-spk-RRRX.npy,ses230823-units-probe2-spk-RRRX.npy",None,truth_safe_unverified
230823,RRXR,R-family,p3,RRRR,6,"LFP,SPK","ses230823-probe0-lfp-RRXR.npy,ses230823-probe1-lfp-RRXR.npy,ses230823-probe2-lfp-RRXR.npy,ses230823-units-probe0-spk-RRXR.npy,ses230823-units-probe1-spk-RRXR.npy,ses230823-units-probe2-spk-RRXR.npy",None,truth_safe_unverified
230823,RXRR,R-family,p2,RRRR,6,"LFP,SPK","ses230823-probe0-lfp-RXRR.npy,ses230823-probe1-lfp-RXRR.npy,ses230823-probe2-lfp-RXRR.npy,ses230823-units-probe0-spk-RXRR.npy,ses230823-units-probe1-spk-RXRR.npy,ses230823-units-probe2-spk-RXRR.npy",None,truth_safe_unverified
230825,AAAB,A-family,None,AAAB,6,"LFP,SPK","ses230825-probe0-lfp-AAAB.npy,ses230825-probe1-lfp-AAAB.npy,ses230825-probe2-lfp-AAAB.npy,ses230825-units-probe0-spk-AAAB.npy,ses230825-units-probe1-spk-AAAB.npy,ses230825-units-probe2-spk-AAAB.npy",None,truth_safe_unverified
230825,AAAX,A-family,p4,AAAB,6,"LFP,SPK","ses230825-probe0-lfp-AAAX.npy,ses230825-probe1-lfp-AAAX.npy,ses230825-probe2-lfp-AAAX.npy,ses230825-units-probe0-spk-AAAX.npy,ses230825-units-probe1-spk-AAAX.npy,ses230825-units-probe2-spk-AAAX.npy",None,truth_safe_unverified
230825,AAXB,A-family,p3,AAAB,6,"LFP,SPK","ses230825-probe0-lfp-AAXB.npy,ses230825-probe1-lfp-AAXB.npy,ses230825-probe2-lfp-AAXB.npy,ses230825-units-probe0-spk-AAXB.npy,ses230825-units-probe1-spk-AAXB.npy,ses230825-units-probe2-spk-AAXB.npy",None,truth_safe_unverified
230825,AXAB,A-family,p2,AAAB,6,"LFP,SPK","ses230825-probe0-lfp-AXAB.npy,ses230825-probe1-lfp-AXAB.npy,ses230825-probe2-lfp-AXAB.npy,ses230825-units-probe0-spk-AXAB.npy,ses230825-units-probe1-spk-AXAB.npy,ses230825-units-probe2-spk-AXAB.npy",None,truth_safe_unverified
230825,BBBA,B-family,None,BBBA,6,"LFP,SPK","ses230825-probe0-lfp-BBBA.npy,ses230825-probe1-lfp-BBBA.npy,ses230825-probe2-lfp-BBBA.npy,ses230825-units-probe0-spk-BBBA.npy,ses230825-units-probe1-spk-BBBA.npy,ses230825-units-probe2-spk-BBBA.npy",None,truth_safe_unverified
230825,BBBX,B-family,p4,BBBA,6,"LFP,SPK","ses230825-probe0-lfp-BBBX.npy,ses230825-probe1-lfp-BBBX.npy,ses230825-probe2-lfp-BBBX.npy,ses230825-units-probe0-spk-BBBX.npy,ses230825-units-probe1-spk-BBBX.npy,ses230825-units-probe2-spk-BBBX.npy",None,truth_safe_unverified
230825,BBXA,B-family,p3,BBBA,6,"LFP,SPK","ses230825-probe0-lfp-BBXA.npy,ses230825-probe1-lfp-BBXA.npy,ses230825-probe2-lfp-BBXA.npy,ses230825-units-probe0-spk-BBXA.npy,ses230825-units-probe1-spk-BBXA.npy,ses230825-units-probe2-spk-BBXA.npy",None,truth_safe_unverified
230825,BXBA,B-family,p2,BBBA,6,"LFP,SPK","ses230825-probe0-lfp-BXBA.npy,ses230825-probe1-lfp-BXBA.npy,ses230825-probe2-lfp-BXBA.npy,ses230825-units-probe0-spk-BXBA.npy,ses230825-units-probe1-spk-BXBA.npy,ses230825-units-probe2-spk-BXBA.npy",None,truth_safe_unverified
230825,RRRR,R-family,None,RRRR,6,"LFP,SPK","ses230825-probe0-lfp-RRRR.npy,ses230825-probe1-lfp-RRRR.npy,ses230825-probe2-lfp-RRRR.npy,ses230825-units-probe0-spk-RRRR.npy,ses230825-units-probe1-spk-RRRR.npy,ses230825-units-probe2-spk-RRRR.npy",None,truth_safe_unverified
230825,RRRX,R-family,p4,RRRR,6,"LFP,SPK","ses230825-probe0-lfp-RRRX.npy,ses230825-probe1-lfp-RRRX.npy,ses230825-probe2-lfp-RRRX.npy,ses230825-units-probe0-spk-RRRX.npy,ses230825-units-probe1-spk-RRRX.npy,ses230825-units-probe2-spk-RRRX.npy",None,truth_safe_unverified
230825,RRXR,R-family,p3,RRRR,6,"LFP,SPK","ses230825-probe0-lfp-RRXR.npy,ses230825-probe1-lfp-RRXR.npy,ses230825-probe2-lfp-RRXR.npy,ses230825-units-probe0-spk-RRXR.npy,ses230825-units-probe1-spk-RRXR.npy,ses230825-units-probe2-spk-RRXR.npy",None,truth_safe_unverified
230825,RXRR,R-family,p2,RRRR,6,"LFP,SPK","ses230825-probe0-lfp-RXRR.npy,ses230825-probe1-lfp-RXRR.npy,ses230825-probe2-lfp-RXRR.npy,ses230825-units-probe0-spk-RXRR.npy,ses230825-units-probe1-spk-RXRR.npy,ses230825-units-probe2-spk-RXRR.npy",None,truth_safe_unverified
230830,AAAB,A-family,None,AAAB,6,"LFP,SPK","ses230830-probe0-lfp-AAAB.npy,ses230830-probe1-lfp-AAAB.npy,ses230830-probe2-lfp-AAAB.npy,ses230830-units-probe0-spk-AAAB.npy,ses230830-units-probe1-spk-AAAB.npy,ses230830-units-probe2-spk-AAAB.npy",None,truth_safe_unverified
230830,AAAX,A-family,p4,AAAB,6,"LFP,SPK","ses230830-probe0-lfp-AAAX.npy,ses230830-probe1-lfp-AAAX.npy,ses230830-probe2-lfp-AAAX.npy,ses230830-units-probe0-spk-AAAX.npy,ses230830-units-probe1-spk-AAAX.npy,ses230830-units-probe2-spk-AAAX.npy",None,truth_safe_unverified
230830,AAXB,A-family,p3,AAAB,6,"LFP,SPK","ses230830-probe0-lfp-AAXB.npy,ses230830-probe1-lfp-AAXB.npy,ses230830-probe2-lfp-AAXB.npy,ses230830-units-probe0-spk-AAXB.npy,ses230830-units-probe1-spk-AAXB.npy,ses230830-units-probe2-spk-AAXB.npy",None,truth_safe_unverified
230830,AXAB,A-family,p2,AAAB,6,"LFP,SPK","ses230830-probe0-lfp-AXAB.npy,ses230830-probe1-lfp-AXAB.npy,ses230830-probe2-lfp-AXAB.npy,ses230830-units-probe0-spk-AXAB.npy,ses230830-units-probe1-spk-AXAB.npy,ses230830-units-probe2-spk-AXAB.npy",None,truth_safe_unverified
230830,BBBA,B-family,None,BBBA,6,"LFP,SPK","ses230830-probe0-lfp-BBBA.npy,ses230830-probe1-lfp-BBBA.npy,ses230830-probe2-lfp-BBBA.npy,ses230830-units-probe0-spk-BBBA.npy,ses230830-units-probe1-spk-BBBA.npy,ses230830-units-probe2-spk-BBBA.npy",None,truth_safe_unverified
230830,BBBX,B-family,p4,BBBA,6,"LFP,SPK","ses230830-probe0-lfp-BBBX.npy,ses230830-probe1-lfp-BBBX.npy,ses230830-probe2-lfp-BBBX.npy,ses230830-units-probe0-spk-BBBX.npy,ses230830-units-probe1-spk-BBBX.npy,ses230830-units-probe2-spk-BBBX.npy",None,truth_safe_unverified
230830,BBXA,B-family,p3,BBBA,6,"LFP,SPK","ses230830-probe0-lfp-BBXA.npy,ses230830-probe1-lfp-BBXA.npy,ses230830-probe2-lfp-BBXA.npy,ses230830-units-probe0-spk-BBXA.npy,ses230830-units-probe1-spk-BBXA.npy,ses230830-units-probe2-spk-BBXA.npy",None,truth_safe_unverified
230830,BXBA,B-family,p2,BBBA,6,"LFP,SPK","ses230830-probe0-lfp-BXBA.npy,ses230830-probe1-lfp-BXBA.npy,ses230830-probe2-lfp-BXBA.npy,ses230830-units-probe0-spk-BXBA.npy,ses230830-units-probe1-spk-BXBA.npy,ses230830-units-probe2-spk-BXBA.npy",None,truth_safe_unverified
230830,RRRR,R-family,None,RRRR,6,"LFP,SPK","ses230830-probe0-lfp-RRRR.npy,ses230830-probe1-lfp-RRRR.npy,ses230830-probe2-lfp-RRRR.npy,ses230830-units-probe0-spk-RRRR.npy,ses230830-units-probe1-spk-RRRR.npy,ses230830-units-probe2-spk-RRRR.npy",None,truth_safe_unverified
230830,RRRX,R-family,p4,RRRR,6,"LFP,SPK","ses230830-probe0-lfp-RRRX.npy,ses230830-probe1-lfp-RRRX.npy,ses230830-probe2-lfp-RRRX.npy,ses230830-units-probe0-spk-RRRX.npy,ses230830-units-probe1-spk-RRRX.npy,ses230830-units-probe2-spk-RRRX.npy",None,truth_safe_unverified
230830,RRXR,R-family,p3,RRRR,6,"LFP,SPK","ses230830-probe0-lfp-RRXR.npy,ses230830-probe1-lfp-RRXR.npy,ses230830-probe2-lfp-RRXR.npy,ses230830-units-probe0-spk-RRXR.npy,ses230830-units-probe1-spk-RRXR.npy,ses230830-units-probe2-spk-RRXR.npy",None,truth_safe_unverified
230830,RXRR,R-family,p2,RRRR,6,"LFP,SPK","ses230830-probe0-lfp-RXRR.npy,ses230830-probe1-lfp-RXRR.npy,ses230830-probe2-lfp-RXRR.npy,ses230830-units-probe0-spk-RXRR.npy,ses230830-units-probe1-spk-RXRR.npy,ses230830-units-probe2-spk-RXRR.npy",None,truth_safe_unverified
230831,AAAB,A-family,None,AAAB,6,"LFP,SPK","ses230831-probe0-lfp-AAAB.npy,ses230831-probe1-lfp-AAAB.npy,ses230831-probe2-lfp-AAAB.npy,ses230831-units-probe0-spk-AAAB.npy,ses230831-units-probe1-spk-AAAB.npy,ses230831-units-probe2-spk-AAAB.npy",None,truth_safe_unverified
230831,AAAX,A-family,p4,AAAB,6,"LFP,SPK","ses230831-probe0-lfp-AAAX.npy,ses230831-probe1-lfp-AAAX.npy,ses230831-probe2-lfp-AAAX.npy,ses230831-units-probe0-spk-AAAX.npy,ses230831-units-probe1-spk-AAAX.npy,ses230831-units-probe2-spk-AAAX.npy",None,truth_safe_unverified
230831,AAXB,A-family,p3,AAAB,6,"LFP,SPK","ses230831-probe0-lfp-AAXB.npy,ses230831-probe1-lfp-AAXB.npy,ses230831-probe2-lfp-AAXB.npy,ses230831-units-probe0-spk-AAXB.npy,ses230831-units-probe1-spk-AAXB.npy,ses230831-units-probe2-spk-AAXB.npy",None,truth_safe_unverified
230831,AXAB,A-family,p2,AAAB,6,"LFP,SPK","ses230831-probe0-lfp-AXAB.npy,ses230831-probe1-lfp-AXAB.npy,ses230831-probe2-lfp-AXAB.npy,ses230831-units-probe0-spk-AXAB.npy,ses230831-units-probe1-spk-AXAB.npy,ses230831-units-probe2-spk-AXAB.npy",None,truth_safe_unverified
230831,BBBA,B-family,None,BBBA,6,"LFP,SPK","ses230831-probe0-lfp-BBBA.npy,ses230831-probe1-lfp-BBBA.npy,ses230831-probe2-lfp-BBBA.npy,ses230831-units-probe0-spk-BBBA.npy,ses230831-units-probe1-spk-BBBA.npy,ses230831-units-probe2-spk-BBBA.npy",None,truth_safe_unverified
230831,BBBX,B-family,p4,BBBA,6,"LFP,SPK","ses230831-probe0-lfp-BBBX.npy,ses230831-probe1-lfp-BBBX.npy,ses230831-probe2-lfp-BBBX.npy,ses230831-units-probe0-spk-BBBX.npy,ses230831-units-probe1-spk-BBBX.npy,ses230831-units-probe2-spk-BBBX.npy",None,truth_safe_unverified
230831,BBXA,B-family,p3,BBBA,6,"LFP,SPK","ses230831-probe0-lfp-BBXA.npy,ses230831-probe1-lfp-BBXA.npy,ses230831-probe2-lfp-BBXA.npy,ses230831-units-probe0-spk-BBXA.npy,ses230831-units-probe1-spk-BBXA.npy,ses230831-units-probe2-spk-BBXA.npy",None,truth_safe_unverified
230831,BXBA,B-family,p2,BBBA,6,"LFP,SPK","ses230831-probe0-lfp-BXBA.npy,ses230831-probe1-lfp-BXBA.npy,ses230831-probe2-lfp-BXBA.npy,ses230831-units-probe0-spk-BXBA.npy,ses230831-units-probe1-spk-BXBA.npy,ses230831-units-probe2-spk-BXBA.npy",None,truth_safe_unverified
230831,RRRR,R-family,None,RRRR,6,"LFP,SPK","ses230831-probe0-lfp-RRRR.npy,ses230831-probe1-lfp-RRRR.npy,ses230831-probe2-lfp-RRRR.npy,ses230831-units-probe0-spk-RRRR.npy,ses230831-units-probe1-spk-RRRR.npy,ses230831-units-probe2-spk-RRRR.npy",None,truth_safe_unverified
230831,RRRX,R-family,p4,RRRR,6,"LFP,SPK","ses230831-probe0-lfp-RRRX.npy,ses230831-probe1-lfp-RRRX.npy,ses230831-probe2-lfp-RRRX.npy,ses230831-units-probe0-spk-RRRX.npy,ses230831-units-probe1-spk-RRRX.npy,ses230831-units-probe2-spk-RRRX.npy",None,truth_safe_unverified
230831,RRXR,R-family,p3,RRRR,6,"LFP,SPK","ses230831-probe0-lfp-RRXR.npy,ses230831-probe1-lfp-RRXR.npy,ses230831-probe2-lfp-RRXR.npy,ses230831-units-probe0-spk-RRXR.npy,ses230831-units-probe1-spk-RRXR.npy,ses230831-units-probe2-spk-RRXR.npy",None,truth_safe_unverified
230831,RXRR,R-family,p2,RRRR,6,"LFP,SPK","ses230831-probe0-lfp-RXRR.npy,ses230831-probe1-lfp-RXRR.npy,ses230831-probe2-lfp-RXRR.npy,ses230831-units-probe0-spk-RXRR.npy,ses230831-units-probe1-spk-RXRR.npy,ses230831-units-probe2-spk-RXRR.npy",None,truth_safe_unverified
230901,AAAB,A-family,None,AAAB,5,"LFP,SPK","ses230901-probe0-lfp-AAAB.npy,ses230901-probe1-lfp-AAAB.npy,ses230901-probe2-lfp-AAAB.npy,ses230901-units-probe0-spk-AAAB.npy,ses230901-units-probe2-spk-AAAB.npy",None,truth_safe_unverified
230901,AAAX,A-family,p4,AAAB,5,"LFP,SPK","ses230901-probe0-lfp-AAAX.npy,ses230901-probe1-lfp-AAAX.npy,ses230901-probe2-lfp-AAAX.npy,ses230901-units-probe0-spk-AAAX.npy,ses230901-units-probe2-spk-AAAX.npy",None,truth_safe_unverified
230901,AAXB,A-family,p3,AAAB,5,"LFP,SPK","ses230901-probe0-lfp-AAXB.npy,ses230901-probe1-lfp-AAXB.npy,ses230901-probe2-lfp-AAXB.npy,ses230901-units-probe0-spk-AAXB.npy,ses230901-units-probe2-spk-AAXB.npy",None,truth_safe_unverified
230901,AXAB,A-family,p2,AAAB,5,"LFP,SPK","ses230901-probe0-lfp-AXAB.npy,ses230901-probe1-lfp-AXAB.npy,ses230901-probe2-lfp-AXAB.npy,ses230901-units-probe0-spk-AXAB.npy,ses230901-units-probe2-spk-AXAB.npy",None,truth_safe_unverified
230901,BBBA,B-family,None,BBBA,5,"LFP,SPK","ses230901-probe0-lfp-BBBA.npy,ses230901-probe1-lfp-BBBA.npy,ses230901-probe2-lfp-BBBA.npy,ses230901-units-probe0-spk-BBBA.npy,ses230901-units-probe2-spk-BBBA.npy",None,truth_safe_unverified
230901,BBBX,B-family,p4,BBBA,5,"LFP,SPK","ses230901-probe0-lfp-BBBX.npy,ses230901-probe1-lfp-BBBX.npy,ses230901-probe2-lfp-BBBX.npy,ses230901-units-probe0-spk-BBBX.npy,ses230901-units-probe2-spk-BBBX.npy",None,truth_safe_unverified
230901,BBXA,B-family,p3,BBBA,5,"LFP,SPK","ses230901-probe0-lfp-BBXA.npy,ses230901-probe1-lfp-BBXA.npy,ses230901-probe2-lfp-BBXA.npy,ses230901-units-probe0-spk-BBXA.npy,ses230901-units-probe2-spk-BBXA.npy",None,truth_safe_unverified
230901,BXBA,B-family,p2,BBBA,5,"LFP,SPK","ses230901-probe0-lfp-BXBA.npy,ses230901-probe1-lfp-BXBA.npy,ses230901-probe2-lfp-BXBA.npy,ses230901-units-probe0-spk-BXBA.npy,ses230901-units-probe2-spk-BXBA.npy",None,truth_safe_unverified
230901,RRRR,R-family,None,RRRR,5,"LFP,SPK","ses230901-probe0-lfp-RRRR.npy,ses230901-probe1-lfp-RRRR.npy,ses230901-probe2-lfp-RRRR.npy,ses230901-units-probe0-spk-RRRR.npy,ses230901-units-probe2-spk-RRRR.npy",None,truth_safe_unverified
230901,RRRX,R-family,p4,RRRR,5,"LFP,SPK","ses230901-probe0-lfp-RRRX.npy,ses230901-probe1-lfp-RRRX.npy,ses230901-probe2-lfp-RRRX.npy,ses230901-units-probe0-spk-RRRX.npy,ses230901-units-probe2-spk-RRRX.npy",None,truth_safe_unverified
230901,RRXR,R-family,p3,RRRR,5,"LFP,SPK","ses230901-probe0-lfp-RRXR.npy,ses230901-probe1-lfp-RRXR.npy,ses230901-probe2-lfp-RRXR.npy,ses230901-units-probe0-spk-RRXR.npy,ses230901-units-probe2-spk-RRXR.npy",None,truth_safe_unverified
230901,RXRR,R-family,p2,RRRR,5,"LFP,SPK","ses230901-probe0-lfp-RXRR.npy,ses230901-probe1-lfp-RXRR.npy,ses230901-probe2-lfp-RXRR.npy,ses230901-units-probe0-spk-RXRR.npy,ses230901-units-probe2-spk-RXRR.npy",None,truth_safe_unverified
