session_id,file,warning_type,message
230629,ses230629-units-probe0-spk-AAAX.npy,load_failed,Failed to safe-process memmap slice: index 46 is out of bounds for axis 1 with size 46
230629,ses230629-units-probe0-spk-AAXB.npy,load_failed,"Failed to safe-process memmap slice: operands could not be broadcast together with shapes (5,) (48,) "
230629,ses230629-units-probe0-spk-AXAB.npy,load_failed,"Failed to safe-process memmap slice: operands could not be broadcast together with shapes (6,) (48,) "
230629,ses230629-units-probe0-spk-BBBX.npy,load_failed,"Failed to safe-process memmap slice: operands could not be broadcast together with shapes (2,) (50,) "
230629,ses230629-units-probe0-spk-BBXA.npy,load_failed,"Failed to safe-process memmap slice: operands could not be broadcast together with shapes (3,) (50,) "
230629,ses230629-units-probe0-spk-BXBA.npy,load_failed,"Failed to safe-process memmap slice: operands could not be broadcast together with shapes (5,) (50,) "
230629,ses230629-units-probe0-spk-RRRX.npy,load_failed,"Failed to safe-process memmap slice: operands could not be broadcast together with shapes (6,) (84,) "
230629,ses230629-units-probe0-spk-RRXR.npy,load_failed,"Failed to safe-process memmap slice: operands could not be broadcast together with shapes (2,) (84,) "
230629,ses230629-units-probe0-spk-RXRR.npy,load_failed,"Failed to safe-process memmap slice: operands could not be broadcast together with shapes (8,) (84,) "
230629,ses230629-units-probe1-spk-AAXB.npy,load_failed,"Failed to safe-process memmap slice: operands could not be broadcast together with shapes (5,) (48,) "
230629,ses230629-units-probe1-spk-AXAB.npy,load_failed,"Failed to safe-process memmap slice: operands could not be broadcast together with shapes (6,) (48,) "
230629,ses230629-units-probe1-spk-BBBX.npy,load_failed,"Failed to safe-process memmap slice: operands could not be broadcast together with shapes (2,) (50,) "
230629,ses230629-units-probe1-spk-BBXA.npy,load_failed,"Failed to safe-process memmap slice: operands could not be broadcast together with shapes (3,) (50,) "
230629,ses230629-units-probe1-spk-BXBA.npy,load_failed,"Failed to safe-process memmap slice: operands could not be broadcast together with shapes (5,) (50,) "
230629,ses230629-units-probe1-spk-RRRX.npy,load_failed,"Failed to safe-process memmap slice: operands could not be broadcast together with shapes (6,) (84,) "
230629,ses230629-units-probe1-spk-RRXR.npy,load_failed,"Failed to safe-process memmap slice: operands could not be broadcast together with shapes (2,) (84,) "
230629,ses230629-units-probe1-spk-RXRR.npy,load_failed,"Failed to safe-process memmap slice: operands could not be broadcast together with shapes (8,) (84,) "
230630,ses230630-units-probe0-spk-AAAX.npy,load_failed,"Failed to safe-process memmap slice: operands could not be broadcast together with shapes (3,) (44,) "
230630,ses230630-units-probe0-spk-AAXB.npy,load_failed,"Failed to safe-process memmap slice: operands could not be broadcast together with shapes (6,) (44,) "
230630,ses230630-units-probe0-spk-AXAB.npy,load_failed,"Failed to safe-process memmap slice: operands could not be broadcast together with shapes (7,) (44,) "
230630,ses230630-units-probe0-spk-BBBX.npy,load_failed,"Failed to safe-process memmap slice: operands could not be broadcast together with shapes (8,) (39,) "
230630,ses230630-units-probe0-spk-BBXA.npy,load_failed,"Failed to safe-process memmap slice: operands could not be broadcast together with shapes (7,) (39,) "
230630,ses230630-units-probe0-spk-BXBA.npy,load_failed,"Failed to safe-process memmap slice: operands could not be broadcast together with shapes (6,) (39,) "
230630,ses230630-units-probe0-spk-RRRX.npy,load_failed,"Failed to safe-process memmap slice: operands could not be broadcast together with shapes (9,) (82,) "
230630,ses230630-units-probe0-spk-RRXR.npy,load_failed,"Failed to safe-process memmap slice: operands could not be broadcast together with shapes (2,) (82,) "
230630,ses230630-units-probe0-spk-RXRR.npy,load_failed,"Failed to safe-process memmap slice: operands could not be broadcast together with shapes (7,) (82,) "
230630,ses230630-units-probe1-spk-AAAX.npy,load_failed,"Failed to safe-process memmap slice: operands could not be broadcast together with shapes (3,) (44,) "
230630,ses230630-units-probe1-spk-AAXB.npy,load_failed,"Failed to safe-process memmap slice: operands could not be broadcast together with shapes (6,) (44,) "
230630,ses230630-units-probe1-spk-AXAB.npy,load_failed,"Failed to safe-process memmap slice: operands could not be broadcast together with shapes (7,) (44,) "
230630,ses230630-units-probe1-spk-BBBX.npy,load_failed,"Failed to safe-process memmap slice: operands could not be broadcast together with shapes (8,) (39,) "
230630,ses230630-units-probe1-spk-BBXA.npy,load_failed,"Failed to safe-process memmap slice: operands could not be broadcast together with shapes (7,) (39,) "
230630,ses230630-units-probe1-spk-BXBA.npy,load_failed,"Failed to safe-process memmap slice: operands could not be broadcast together with shapes (6,) (39,) "
230630,ses230630-units-probe1-spk-RRRX.npy,load_failed,"Failed to safe-process memmap slice: operands could not be broadcast together with shapes (9,) (82,) "
230630,ses230630-units-probe1-spk-RRXR.npy,load_failed,"Failed to safe-process memmap slice: operands could not be broadcast together with shapes (2,) (82,) "
230630,ses230630-units-probe1-spk-RXRR.npy,load_failed,"Failed to safe-process memmap slice: operands could not be broadcast together with shapes (7,) (82,) "
230630,ses230630-units-probe2-spk-AAAX.npy,load_failed,"Failed to safe-process memmap slice: operands could not be broadcast together with shapes (3,) (44,) "
230630,ses230630-units-probe2-spk-AAXB.npy,load_failed,"Failed to safe-process memmap slice: operands could not be broadcast together with shapes (6,) (44,) "
230630,ses230630-units-probe2-spk-AXAB.npy,load_failed,"Failed to safe-process memmap slice: operands could not be broadcast together with shapes (7,) (44,) "
230630,ses230630-units-probe2-spk-BBBX.npy,load_failed,"Failed to safe-process memmap slice: operands could not be broadcast together with shapes (8,) (39,) "
230630,ses230630-units-probe2-spk-BBXA.npy,load_failed,"Failed to safe-process memmap slice: operands could not be broadcast together with shapes (7,) (39,) "
230630,ses230630-units-probe2-spk-BXBA.npy,load_failed,"Failed to safe-process memmap slice: operands could not be broadcast together with shapes (6,) (39,) "
230630,ses230630-units-probe2-spk-RRRX.npy,load_failed,"Failed to safe-process memmap slice: operands could not be broadcast together with shapes (9,) (82,) "
230630,ses230630-units-probe2-spk-RRXR.npy,load_failed,"Failed to safe-process memmap slice: operands could not be broadcast together with shapes (2,) (82,) "
230630,ses230630-units-probe2-spk-RXRR.npy,load_failed,"Failed to safe-process memmap slice: operands could not be broadcast together with shapes (7,) (82,) "
230714,ses230714-units-probe0-spk-AAAX.npy,load_failed,"Failed to safe-process memmap slice: operands could not be broadcast together with shapes (38,) (221,) "
230714,ses230714-units-probe0-spk-AAXB.npy,load_failed,"Failed to safe-process memmap slice: operands could not be broadcast together with shapes (33,) (221,) "
230714,ses230714-units-probe0-spk-AXAB.npy,load_failed,"Failed to safe-process memmap slice: operands could not be broadcast together with shapes (38,) (221,) "
230714,ses230714-units-probe0-spk-BBBX.npy,load_failed,"Failed to safe-process memmap slice: operands could not be broadcast together with shapes (33,) (239,) "
230714,ses230714-units-probe0-spk-BBXA.npy,load_failed,"Failed to safe-process memmap slice: operands could not be broadcast together with shapes (35,) (239,) "
230714,ses230714-units-probe0-spk-BXBA.npy,load_failed,"Failed to safe-process memmap slice: operands could not be broadcast together with shapes (23,) (239,) "
230714,ses230714-units-probe0-spk-RRRX.npy,load_failed,"Failed to safe-process memmap slice: operands could not be broadcast together with shapes (73,) (155,) "
230714,ses230714-units-probe0-spk-RRXR.npy,load_failed,"Failed to safe-process memmap slice: operands could not be broadcast together with shapes (28,) (155,) "
230714,ses230714-units-probe0-spk-RXRR.npy,load_failed,"Failed to safe-process memmap slice: operands could not be broadcast together with shapes (44,) (155,) "
230714,ses230714-units-probe1-spk-AAAX.npy,load_failed,"Failed to safe-process memmap slice: operands could not be broadcast together with shapes (38,) (221,) "
230714,ses230714-units-probe1-spk-AAXB.npy,load_failed,"Failed to safe-process memmap slice: operands could not be broadcast together with shapes (33,) (221,) "
230714,ses230714-units-probe1-spk-AXAB.npy,load_failed,"Failed to safe-process memmap slice: operands could not be broadcast together with shapes (38,) (221,) "
230714,ses230714-units-probe1-spk-BBBX.npy,load_failed,"Failed to safe-process memmap slice: operands could not be broadcast together with shapes (33,) (239,) "
230714,ses230714-units-probe1-spk-BBXA.npy,load_failed,"Failed to safe-process memmap slice: operands could not be broadcast together with shapes (35,) (239,) "
230714,ses230714-units-probe1-spk-BXBA.npy,load_failed,"Failed to safe-process memmap slice: operands could not be broadcast together with shapes (23,) (239,) "
230714,ses230714-units-probe1-spk-RRRX.npy,load_failed,"Failed to safe-process memmap slice: operands could not be broadcast together with shapes (73,) (155,) "
230714,ses230714-units-probe1-spk-RRXR.npy,load_failed,"Failed to safe-process memmap slice: operands could not be broadcast together with shapes (28,) (155,) "
230714,ses230714-units-probe1-spk-RXRR.npy,load_failed,"Failed to safe-process memmap slice: operands could not be broadcast together with shapes (44,) (155,) "
230719,ses230719-units-probe0-spk-AAAX.npy,load_failed,"Failed to safe-process memmap slice: operands could not be broadcast together with shapes (31,) (238,) "
230719,ses230719-units-probe0-spk-AAXB.npy,load_failed,"Failed to safe-process memmap slice: operands could not be broadcast together with shapes (35,) (238,) "
230719,ses230719-units-probe0-spk-AXAB.npy,load_failed,"Failed to safe-process memmap slice: operands could not be broadcast together with shapes (26,) (238,) "
230719,ses230719-units-probe0-spk-BBBX.npy,load_failed,"Failed to safe-process memmap slice: operands could not be broadcast together with shapes (35,) (232,) "
230719,ses230719-units-probe0-spk-BBXA.npy,load_failed,"Failed to safe-process memmap slice: operands could not be broadcast together with shapes (30,) (232,) "
230719,ses230719-units-probe0-spk-BXBA.npy,load_failed,"Failed to safe-process memmap slice: operands could not be broadcast together with shapes (33,) (232,) "
230719,ses230719-units-probe0-spk-RRRX.npy,load_failed,"Failed to safe-process memmap slice: operands could not be broadcast together with shapes (90,) (136,) "
230719,ses230719-units-probe0-spk-RRXR.npy,load_failed,"Failed to safe-process memmap slice: operands could not be broadcast together with shapes (17,) (136,) "
230719,ses230719-units-probe0-spk-RXRR.npy,load_failed,"Failed to safe-process memmap slice: operands could not be broadcast together with shapes (57,) (136,) "
230719,ses230719-units-probe2-spk-AAAX.npy,load_failed,"Failed to safe-process memmap slice: operands could not be broadcast together with shapes (31,) (238,) "
230719,ses230719-units-probe2-spk-AAXB.npy,load_failed,"Failed to safe-process memmap slice: operands could not be broadcast together with shapes (35,) (238,) "
230719,ses230719-units-probe2-spk-AXAB.npy,load_failed,"Failed to safe-process memmap slice: operands could not be broadcast together with shapes (26,) (238,) "
230719,ses230719-units-probe2-spk-BBBX.npy,load_failed,"Failed to safe-process memmap slice: operands could not be broadcast together with shapes (35,) (232,) "
230719,ses230719-units-probe2-spk-BBXA.npy,load_failed,"Failed to safe-process memmap slice: operands could not be broadcast together with shapes (30,) (232,) "
230719,ses230719-units-probe2-spk-BXBA.npy,load_failed,"Failed to safe-process memmap slice: operands could not be broadcast together with shapes (33,) (232,) "
230719,ses230719-units-probe2-spk-RRRX.npy,load_failed,"Failed to safe-process memmap slice: operands could not be broadcast together with shapes (90,) (136,) "
230719,ses230719-units-probe2-spk-RRXR.npy,load_failed,"Failed to safe-process memmap slice: operands could not be broadcast together with shapes (17,) (136,) "
230719,ses230719-units-probe2-spk-RXRR.npy,load_failed,"Failed to safe-process memmap slice: operands could not be broadcast together with shapes (57,) (136,) "
230720,ses230720-units-probe0-spk-AAAX.npy,load_failed,"Failed to safe-process memmap slice: operands could not be broadcast together with shapes (30,) (240,) "
230720,ses230720-units-probe0-spk-AAXB.npy,load_failed,"Failed to safe-process memmap slice: operands could not be broadcast together with shapes (30,) (240,) "
230720,ses230720-units-probe0-spk-AXAB.npy,load_failed,"Failed to safe-process memmap slice: operands could not be broadcast together with shapes (30,) (240,) "
230720,ses230720-units-probe0-spk-BBBX.npy,load_failed,"Failed to safe-process memmap slice: operands could not be broadcast together with shapes (32,) (225,) "
230720,ses230720-units-probe0-spk-BBXA.npy,load_failed,"Failed to safe-process memmap slice: operands could not be broadcast together with shapes (39,) (225,) "
230720,ses230720-units-probe0-spk-BXBA.npy,load_failed,"Failed to safe-process memmap slice: operands could not be broadcast together with shapes (34,) (225,) "
230720,ses230720-units-probe0-spk-RRRX.npy,load_failed,"Failed to safe-process memmap slice: operands could not be broadcast together with shapes (87,) (139,) "
230720,ses230720-units-probe0-spk-RRXR.npy,load_failed,"Failed to safe-process memmap slice: operands could not be broadcast together with shapes (38,) (139,) "
230720,ses230720-units-probe0-spk-RXRR.npy,load_failed,"Failed to safe-process memmap slice: operands could not be broadcast together with shapes (36,) (139,) "
230720,ses230720-units-probe1-spk-AAAX.npy,load_failed,"Failed to safe-process memmap slice: operands could not be broadcast together with shapes (30,) (240,) "
230720,ses230720-units-probe1-spk-AAXB.npy,load_failed,"Failed to safe-process memmap slice: operands could not be broadcast together with shapes (30,) (240,) "
230720,ses230720-units-probe1-spk-AXAB.npy,load_failed,"Failed to safe-process memmap slice: operands could not be broadcast together with shapes (30,) (240,) "
230720,ses230720-units-probe1-spk-BBBX.npy,load_failed,"Failed to safe-process memmap slice: operands could not be broadcast together with shapes (32,) (225,) "
230720,ses230720-units-probe1-spk-BBXA.npy,load_failed,"Failed to safe-process memmap slice: operands could not be broadcast together with shapes (39,) (225,) "
230720,ses230720-units-probe1-spk-BXBA.npy,load_failed,"Failed to safe-process memmap slice: operands could not be broadcast together with shapes (34,) (225,) "
230720,ses230720-units-probe1-spk-RRRX.npy,load_failed,"Failed to safe-process memmap slice: operands could not be broadcast together with shapes (87,) (139,) "
230720,ses230720-units-probe1-spk-RRXR.npy,load_failed,"Failed to safe-process memmap slice: operands could not be broadcast together with shapes (38,) (139,) "
230720,ses230720-units-probe1-spk-RXRR.npy,load_failed,"Failed to safe-process memmap slice: operands could not be broadcast together with shapes (36,) (139,) "
230721,ses230721-units-probe0-spk-AAAX.npy,load_failed,"Failed to safe-process memmap slice: operands could not be broadcast together with shapes (33,) (238,) "
230721,ses230721-units-probe0-spk-AAXB.npy,load_failed,"Failed to safe-process memmap slice: operands could not be broadcast together with shapes (32,) (238,) "
230721,ses230721-units-probe0-spk-AXAB.npy,load_failed,"Failed to safe-process memmap slice: operands could not be broadcast together with shapes (27,) (238,) "
230721,ses230721-units-probe0-spk-BBBX.npy,load_failed,"Failed to safe-process memmap slice: operands could not be broadcast together with shapes (33,) (231,) "
230721,ses230721-units-probe0-spk-BBXA.npy,load_failed,"Failed to safe-process memmap slice: operands could not be broadcast together with shapes (34,) (231,) "
230721,ses230721-units-probe0-spk-BXBA.npy,load_failed,"Failed to safe-process memmap slice: operands could not be broadcast together with shapes (32,) (231,) "
230721,ses230721-units-probe0-spk-RRRX.npy,load_failed,"Failed to safe-process memmap slice: operands could not be broadcast together with shapes (74,) (140,) "
230721,ses230721-units-probe0-spk-RRXR.npy,load_failed,"Failed to safe-process memmap slice: operands could not be broadcast together with shapes (24,) (140,) "
230721,ses230721-units-probe0-spk-RXRR.npy,load_failed,"Failed to safe-process memmap slice: operands could not be broadcast together with shapes (62,) (140,) "
230721,ses230721-units-probe1-spk-AAAX.npy,load_failed,"Failed to safe-process memmap slice: operands could not be broadcast together with shapes (33,) (238,) "
230721,ses230721-units-probe1-spk-AAXB.npy,load_failed,"Failed to safe-process memmap slice: operands could not be broadcast together with shapes (32,) (238,) "
230721,ses230721-units-probe1-spk-AXAB.npy,load_failed,"Failed to safe-process memmap slice: operands could not be broadcast together with shapes (27,) (238,) "
230721,ses230721-units-probe1-spk-BBBX.npy,load_failed,"Failed to safe-process memmap slice: operands could not be broadcast together with shapes (33,) (231,) "
230721,ses230721-units-probe1-spk-BBXA.npy,load_failed,"Failed to safe-process memmap slice: operands could not be broadcast together with shapes (34,) (231,) "
230721,ses230721-units-probe1-spk-BXBA.npy,load_failed,"Failed to safe-process memmap slice: operands could not be broadcast together with shapes (32,) (231,) "
230721,ses230721-units-probe1-spk-RRRX.npy,load_failed,"Failed to safe-process memmap slice: operands could not be broadcast together with shapes (74,) (140,) "
230721,ses230721-units-probe1-spk-RRXR.npy,load_failed,"Failed to safe-process memmap slice: operands could not be broadcast together with shapes (24,) (140,) "
230721,ses230721-units-probe1-spk-RXRR.npy,load_failed,"Failed to safe-process memmap slice: operands could not be broadcast together with shapes (62,) (140,) "
230816,ses230816-units-probe0-spk-AAAX.npy,load_failed,"Failed to safe-process memmap slice: operands could not be broadcast together with shapes (36,) (370,) "
230816,ses230816-units-probe0-spk-AAXB.npy,load_failed,"Failed to safe-process memmap slice: operands could not be broadcast together with shapes (44,) (370,) "
230816,ses230816-units-probe0-spk-AXAB.npy,load_failed,"Failed to safe-process memmap slice: operands could not be broadcast together with shapes (59,) (370,) "
230816,ses230816-units-probe0-spk-BBBX.npy,load_failed,"Failed to safe-process memmap slice: operands could not be broadcast together with shapes (44,) (348,) "
230816,ses230816-units-probe0-spk-BBXA.npy,load_failed,"Failed to safe-process memmap slice: operands could not be broadcast together with shapes (51,) (348,) "
230816,ses230816-units-probe0-spk-BXBA.npy,load_failed,"Failed to safe-process memmap slice: operands could not be broadcast together with shapes (62,) (348,) "
230816,ses230816-units-probe0-spk-RRRX.npy,load_failed,"Failed to safe-process memmap slice: operands could not be broadcast together with shapes (131,) (157,) "
230816,ses230816-units-probe0-spk-RRXR.npy,load_failed,"Failed to safe-process memmap slice: operands could not be broadcast together with shapes (43,) (157,) "
230816,ses230816-units-probe0-spk-RXRR.npy,load_failed,"Failed to safe-process memmap slice: operands could not be broadcast together with shapes (87,) (157,) "
230816,ses230816-units-probe1-spk-AAAX.npy,load_failed,"Failed to safe-process memmap slice: operands could not be broadcast together with shapes (36,) (370,) "
230816,ses230816-units-probe1-spk-AAXB.npy,load_failed,"Failed to safe-process memmap slice: operands could not be broadcast together with shapes (44,) (370,) "
230816,ses230816-units-probe1-spk-AXAB.npy,load_failed,"Failed to safe-process memmap slice: operands could not be broadcast together with shapes (59,) (370,) "
230816,ses230816-units-probe1-spk-BBBX.npy,load_failed,"Failed to safe-process memmap slice: operands could not be broadcast together with shapes (44,) (348,) "
230816,ses230816-units-probe1-spk-BBXA.npy,load_failed,"Failed to safe-process memmap slice: operands could not be broadcast together with shapes (51,) (348,) "
230816,ses230816-units-probe1-spk-BXBA.npy,load_failed,"Failed to safe-process memmap slice: operands could not be broadcast together with shapes (62,) (348,) "
230816,ses230816-units-probe1-spk-RRRX.npy,load_failed,"Failed to safe-process memmap slice: operands could not be broadcast together with shapes (131,) (157,) "
230816,ses230816-units-probe1-spk-RRXR.npy,load_failed,"Failed to safe-process memmap slice: operands could not be broadcast together with shapes (43,) (157,) "
230816,ses230816-units-probe1-spk-RXRR.npy,load_failed,"Failed to safe-process memmap slice: operands could not be broadcast together with shapes (87,) (157,) "
230816,ses230816-units-probe2-spk-AAAX.npy,load_failed,"Failed to safe-process memmap slice: operands could not be broadcast together with shapes (36,) (370,) "
230816,ses230816-units-probe2-spk-AAXB.npy,load_failed,"Failed to safe-process memmap slice: operands could not be broadcast together with shapes (44,) (370,) "
230816,ses230816-units-probe2-spk-AXAB.npy,load_failed,"Failed to safe-process memmap slice: operands could not be broadcast together with shapes (59,) (370,) "
230816,ses230816-units-probe2-spk-BBBX.npy,load_failed,"Failed to safe-process memmap slice: operands could not be broadcast together with shapes (44,) (348,) "
230816,ses230816-units-probe2-spk-BBXA.npy,load_failed,"Failed to safe-process memmap slice: operands could not be broadcast together with shapes (51,) (348,) "
230816,ses230816-units-probe2-spk-BXBA.npy,load_failed,"Failed to safe-process memmap slice: operands could not be broadcast together with shapes (62,) (348,) "
230816,ses230816-units-probe2-spk-RRRX.npy,load_failed,"Failed to safe-process memmap slice: operands could not be broadcast together with shapes (131,) (157,) "
230816,ses230816-units-probe2-spk-RRXR.npy,load_failed,"Failed to safe-process memmap slice: operands could not be broadcast together with shapes (43,) (157,) "
230816,ses230816-units-probe2-spk-RXRR.npy,load_failed,"Failed to safe-process memmap slice: operands could not be broadcast together with shapes (87,) (157,) "
230818,ses230818-units-probe0-spk-AAAX.npy,load_failed,"Failed to safe-process memmap slice: operands could not be broadcast together with shapes (45,) (220,) "
230818,ses230818-units-probe0-spk-AAXB.npy,load_failed,"Failed to safe-process memmap slice: operands could not be broadcast together with shapes (25,) (220,) "
230818,ses230818-units-probe0-spk-AXAB.npy,load_failed,"Failed to safe-process memmap slice: operands could not be broadcast together with shapes (40,) (220,) "
230818,ses230818-units-probe0-spk-BBBX.npy,load_failed,"Failed to safe-process memmap slice: operands could not be broadcast together with shapes (30,) (235,) "
230818,ses230818-units-probe0-spk-BBXA.npy,load_failed,"Failed to safe-process memmap slice: operands could not be broadcast together with shapes (29,) (235,) "
230818,ses230818-units-probe0-spk-BXBA.npy,load_failed,"Failed to safe-process memmap slice: operands could not be broadcast together with shapes (36,) (235,) "
230818,ses230818-units-probe0-spk-RRRX.npy,load_failed,Failed to safe-process memmap slice: index 51 is out of bounds for axis 1 with size 51
230818,ses230818-units-probe0-spk-RRXR.npy,load_failed,"Failed to safe-process memmap slice: operands could not be broadcast together with shapes (28,) (104,) "
230818,ses230818-units-probe0-spk-RXRR.npy,load_failed,"Failed to safe-process memmap slice: operands could not be broadcast together with shapes (64,) (104,) "
230818,ses230818-units-probe1-spk-AAAX.npy,load_failed,"Failed to safe-process memmap slice: operands could not be broadcast together with shapes (45,) (220,) "
230818,ses230818-units-probe1-spk-AAXB.npy,load_failed,"Failed to safe-process memmap slice: operands could not be broadcast together with shapes (25,) (220,) "
230818,ses230818-units-probe1-spk-AXAB.npy,load_failed,"Failed to safe-process memmap slice: operands could not be broadcast together with shapes (40,) (220,) "
230818,ses230818-units-probe1-spk-BBBX.npy,load_failed,"Failed to safe-process memmap slice: operands could not be broadcast together with shapes (30,) (235,) "
230818,ses230818-units-probe1-spk-BBXA.npy,load_failed,"Failed to safe-process memmap slice: operands could not be broadcast together with shapes (29,) (235,) "
230818,ses230818-units-probe1-spk-BXBA.npy,load_failed,"Failed to safe-process memmap slice: operands could not be broadcast together with shapes (36,) (235,) "
230818,ses230818-units-probe1-spk-RRXR.npy,load_failed,"Failed to safe-process memmap slice: operands could not be broadcast together with shapes (28,) (104,) "
230818,ses230818-units-probe1-spk-RXRR.npy,load_failed,"Failed to safe-process memmap slice: operands could not be broadcast together with shapes (64,) (104,) "
230818,ses230818-units-probe2-spk-AAAX.npy,load_failed,"Failed to safe-process memmap slice: operands could not be broadcast together with shapes (45,) (220,) "
230818,ses230818-units-probe2-spk-AAXB.npy,load_failed,"Failed to safe-process memmap slice: operands could not be broadcast together with shapes (25,) (220,) "
230818,ses230818-units-probe2-spk-AXAB.npy,load_failed,"Failed to safe-process memmap slice: operands could not be broadcast together with shapes (40,) (220,) "
230818,ses230818-units-probe2-spk-BBBX.npy,load_failed,"Failed to safe-process memmap slice: operands could not be broadcast together with shapes (30,) (235,) "
230818,ses230818-units-probe2-spk-BBXA.npy,load_failed,"Failed to safe-process memmap slice: operands could not be broadcast together with shapes (29,) (235,) "
230818,ses230818-units-probe2-spk-BXBA.npy,load_failed,"Failed to safe-process memmap slice: operands could not be broadcast together with shapes (36,) (235,) "
230818,ses230818-units-probe2-spk-RRXR.npy,load_failed,"Failed to safe-process memmap slice: operands could not be broadcast together with shapes (28,) (104,) "
230818,ses230818-units-probe2-spk-RXRR.npy,load_failed,"Failed to safe-process memmap slice: operands could not be broadcast together with shapes (64,) (104,) "
230823,ses230823-units-probe0-spk-AAAX.npy,load_failed,"Failed to safe-process memmap slice: operands could not be broadcast together with shapes (28,) (219,) "
230823,ses230823-units-probe0-spk-AAXB.npy,load_failed,"Failed to safe-process memmap slice: operands could not be broadcast together with shapes (42,) (219,) "
230823,ses230823-units-probe0-spk-AXAB.npy,load_failed,"Failed to safe-process memmap slice: operands could not be broadcast together with shapes (41,) (219,) "
230823,ses230823-units-probe0-spk-BBBX.npy,load_failed,"Failed to safe-process memmap slice: operands could not be broadcast together with shapes (30,) (227,) "
230823,ses230823-units-probe0-spk-BBXA.npy,load_failed,"Failed to safe-process memmap slice: operands could not be broadcast together with shapes (42,) (227,) "
230823,ses230823-units-probe0-spk-BXBA.npy,load_failed,"Failed to safe-process memmap slice: operands could not be broadcast together with shapes (31,) (227,) "
230823,ses230823-units-probe0-spk-RRRX.npy,load_failed,"Failed to safe-process memmap slice: operands could not be broadcast together with shapes (91,) (111,) "
230823,ses230823-units-probe0-spk-RRXR.npy,load_failed,"Failed to safe-process memmap slice: operands could not be broadcast together with shapes (43,) (111,) "
230823,ses230823-units-probe0-spk-RXRR.npy,load_failed,"Failed to safe-process memmap slice: operands could not be broadcast together with shapes (55,) (111,) "
230823,ses230823-units-probe1-spk-AAAX.npy,load_failed,"Failed to safe-process memmap slice: operands could not be broadcast together with shapes (28,) (219,) "
230823,ses230823-units-probe1-spk-AAXB.npy,load_failed,"Failed to safe-process memmap slice: operands could not be broadcast together with shapes (42,) (219,) "
230823,ses230823-units-probe1-spk-AXAB.npy,load_failed,"Failed to safe-process memmap slice: operands could not be broadcast together with shapes (41,) (219,) "
230823,ses230823-units-probe1-spk-BBBX.npy,load_failed,"Failed to safe-process memmap slice: operands could not be broadcast together with shapes (30,) (227,) "
230823,ses230823-units-probe1-spk-BBXA.npy,load_failed,"Failed to safe-process memmap slice: operands could not be broadcast together with shapes (42,) (227,) "
230823,ses230823-units-probe1-spk-BXBA.npy,load_failed,"Failed to safe-process memmap slice: operands could not be broadcast together with shapes (31,) (227,) "
230823,ses230823-units-probe1-spk-RRRX.npy,load_failed,"Failed to safe-process memmap slice: operands could not be broadcast together with shapes (91,) (111,) "
230823,ses230823-units-probe1-spk-RRXR.npy,load_failed,"Failed to safe-process memmap slice: operands could not be broadcast together with shapes (43,) (111,) "
230823,ses230823-units-probe1-spk-RXRR.npy,load_failed,"Failed to safe-process memmap slice: operands could not be broadcast together with shapes (55,) (111,) "
230823,ses230823-units-probe2-spk-AAAX.npy,load_failed,"Failed to safe-process memmap slice: operands could not be broadcast together with shapes (28,) (219,) "
230823,ses230823-units-probe2-spk-AAXB.npy,load_failed,"Failed to safe-process memmap slice: operands could not be broadcast together with shapes (42,) (219,) "
230823,ses230823-units-probe2-spk-AXAB.npy,load_failed,"Failed to safe-process memmap slice: operands could not be broadcast together with shapes (41,) (219,) "
230823,ses230823-units-probe2-spk-BBBX.npy,load_failed,"Failed to safe-process memmap slice: operands could not be broadcast together with shapes (30,) (227,) "
230823,ses230823-units-probe2-spk-BBXA.npy,load_failed,"Failed to safe-process memmap slice: operands could not be broadcast together with shapes (42,) (227,) "
230823,ses230823-units-probe2-spk-BXBA.npy,load_failed,"Failed to safe-process memmap slice: operands could not be broadcast together with shapes (31,) (227,) "
230823,ses230823-units-probe2-spk-RRRX.npy,load_failed,"Failed to safe-process memmap slice: operands could not be broadcast together with shapes (91,) (111,) "
230823,ses230823-units-probe2-spk-RRXR.npy,load_failed,"Failed to safe-process memmap slice: operands could not be broadcast together with shapes (43,) (111,) "
230823,ses230823-units-probe2-spk-RXRR.npy,load_failed,"Failed to safe-process memmap slice: operands could not be broadcast together with shapes (55,) (111,) "
230825,ses230825-units-probe0-spk-AAAX.npy,load_failed,"Failed to safe-process memmap slice: operands could not be broadcast together with shapes (23,) (238,) "
230825,ses230825-units-probe0-spk-AAXB.npy,load_failed,"Failed to safe-process memmap slice: operands could not be broadcast together with shapes (35,) (238,) "
230825,ses230825-units-probe0-spk-AXAB.npy,load_failed,"Failed to safe-process memmap slice: operands could not be broadcast together with shapes (34,) (238,) "
230825,ses230825-units-probe0-spk-BBBX.npy,load_failed,"Failed to safe-process memmap slice: operands could not be broadcast together with shapes (34,) (218,) "
230825,ses230825-units-probe0-spk-BBXA.npy,load_failed,"Failed to safe-process memmap slice: operands could not be broadcast together with shapes (34,) (218,) "
230825,ses230825-units-probe0-spk-BXBA.npy,load_failed,"Failed to safe-process memmap slice: operands could not be broadcast together with shapes (44,) (218,) "
230825,ses230825-units-probe0-spk-RRRX.npy,load_failed,"Failed to safe-process memmap slice: operands could not be broadcast together with shapes (92,) (109,) "
230825,ses230825-units-probe0-spk-RRXR.npy,load_failed,"Failed to safe-process memmap slice: operands could not be broadcast together with shapes (27,) (109,) "
230825,ses230825-units-probe0-spk-RXRR.npy,load_failed,"Failed to safe-process memmap slice: operands could not be broadcast together with shapes (72,) (109,) "
230825,ses230825-units-probe1-spk-AAAX.npy,load_failed,"Failed to safe-process memmap slice: operands could not be broadcast together with shapes (23,) (238,) "
230825,ses230825-units-probe1-spk-AAXB.npy,load_failed,"Failed to safe-process memmap slice: operands could not be broadcast together with shapes (35,) (238,) "
230825,ses230825-units-probe1-spk-AXAB.npy,load_failed,"Failed to safe-process memmap slice: operands could not be broadcast together with shapes (34,) (238,) "
230825,ses230825-units-probe1-spk-BBBX.npy,load_failed,"Failed to safe-process memmap slice: operands could not be broadcast together with shapes (34,) (218,) "
230825,ses230825-units-probe1-spk-BBXA.npy,load_failed,"Failed to safe-process memmap slice: operands could not be broadcast together with shapes (34,) (218,) "
230825,ses230825-units-probe1-spk-BXBA.npy,load_failed,"Failed to safe-process memmap slice: operands could not be broadcast together with shapes (44,) (218,) "
230825,ses230825-units-probe1-spk-RRRX.npy,load_failed,"Failed to safe-process memmap slice: operands could not be broadcast together with shapes (92,) (109,) "
230825,ses230825-units-probe1-spk-RRXR.npy,load_failed,"Failed to safe-process memmap slice: operands could not be broadcast together with shapes (27,) (109,) "
230825,ses230825-units-probe1-spk-RXRR.npy,load_failed,"Failed to safe-process memmap slice: operands could not be broadcast together with shapes (72,) (109,) "
230825,ses230825-units-probe2-spk-AAAX.npy,load_failed,"Failed to safe-process memmap slice: operands could not be broadcast together with shapes (23,) (238,) "
230825,ses230825-units-probe2-spk-AAXB.npy,load_failed,"Failed to safe-process memmap slice: operands could not be broadcast together with shapes (35,) (238,) "
230825,ses230825-units-probe2-spk-AXAB.npy,load_failed,"Failed to safe-process memmap slice: operands could not be broadcast together with shapes (34,) (238,) "
230825,ses230825-units-probe2-spk-BBBX.npy,load_failed,"Failed to safe-process memmap slice: operands could not be broadcast together with shapes (34,) (218,) "
230825,ses230825-units-probe2-spk-BBXA.npy,load_failed,"Failed to safe-process memmap slice: operands could not be broadcast together with shapes (34,) (218,) "
230825,ses230825-units-probe2-spk-BXBA.npy,load_failed,"Failed to safe-process memmap slice: operands could not be broadcast together with shapes (44,) (218,) "
230825,ses230825-units-probe2-spk-RRRX.npy,load_failed,"Failed to safe-process memmap slice: operands could not be broadcast together with shapes (92,) (109,) "
230825,ses230825-units-probe2-spk-RRXR.npy,load_failed,"Failed to safe-process memmap slice: operands could not be broadcast together with shapes (27,) (109,) "
230825,ses230825-units-probe2-spk-RXRR.npy,load_failed,"Failed to safe-process memmap slice: operands could not be broadcast together with shapes (72,) (109,) "
230830,ses230830-units-probe0-spk-AAAX.npy,load_failed,"Failed to safe-process memmap slice: operands could not be broadcast together with shapes (31,) (224,) "
230830,ses230830-units-probe0-spk-AAXB.npy,load_failed,"Failed to safe-process memmap slice: operands could not be broadcast together with shapes (40,) (224,) "
230830,ses230830-units-probe0-spk-AXAB.npy,load_failed,"Failed to safe-process memmap slice: operands could not be broadcast together with shapes (35,) (224,) "
230830,ses230830-units-probe0-spk-BBBX.npy,load_failed,"Failed to safe-process memmap slice: operands could not be broadcast together with shapes (32,) (218,) "
230830,ses230830-units-probe0-spk-BBXA.npy,load_failed,"Failed to safe-process memmap slice: operands could not be broadcast together with shapes (39,) (218,) "
230830,ses230830-units-probe0-spk-BXBA.npy,load_failed,"Failed to safe-process memmap slice: operands could not be broadcast together with shapes (41,) (218,) "
230830,ses230830-units-probe0-spk-RRRX.npy,load_failed,"Failed to safe-process memmap slice: operands could not be broadcast together with shapes (85,) (111,) "
230830,ses230830-units-probe0-spk-RRXR.npy,load_failed,"Failed to safe-process memmap slice: operands could not be broadcast together with shapes (39,) (111,) "
230830,ses230830-units-probe0-spk-RXRR.npy,load_failed,"Failed to safe-process memmap slice: operands could not be broadcast together with shapes (65,) (111,) "
230830,ses230830-units-probe1-spk-AAAX.npy,load_failed,"Failed to safe-process memmap slice: operands could not be broadcast together with shapes (31,) (224,) "
230830,ses230830-units-probe1-spk-AAXB.npy,load_failed,"Failed to safe-process memmap slice: operands could not be broadcast together with shapes (40,) (224,) "
230830,ses230830-units-probe1-spk-AXAB.npy,load_failed,"Failed to safe-process memmap slice: operands could not be broadcast together with shapes (35,) (224,) "
230830,ses230830-units-probe1-spk-BBBX.npy,load_failed,"Failed to safe-process memmap slice: operands could not be broadcast together with shapes (32,) (218,) "
230830,ses230830-units-probe1-spk-BBXA.npy,load_failed,"Failed to safe-process memmap slice: operands could not be broadcast together with shapes (39,) (218,) "
230830,ses230830-units-probe1-spk-BXBA.npy,load_failed,"Failed to safe-process memmap slice: operands could not be broadcast together with shapes (41,) (218,) "
230830,ses230830-units-probe1-spk-RRRX.npy,load_failed,"Failed to safe-process memmap slice: operands could not be broadcast together with shapes (85,) (111,) "
230830,ses230830-units-probe1-spk-RRXR.npy,load_failed,"Failed to safe-process memmap slice: operands could not be broadcast together with shapes (39,) (111,) "
230830,ses230830-units-probe1-spk-RXRR.npy,load_failed,"Failed to safe-process memmap slice: operands could not be broadcast together with shapes (65,) (111,) "
230830,ses230830-units-probe2-spk-AAAX.npy,load_failed,"Failed to safe-process memmap slice: operands could not be broadcast together with shapes (31,) (224,) "
230830,ses230830-units-probe2-spk-AAXB.npy,load_failed,"Failed to safe-process memmap slice: operands could not be broadcast together with shapes (40,) (224,) "
230830,ses230830-units-probe2-spk-AXAB.npy,load_failed,"Failed to safe-process memmap slice: operands could not be broadcast together with shapes (35,) (224,) "
230830,ses230830-units-probe2-spk-BBBX.npy,load_failed,"Failed to safe-process memmap slice: operands could not be broadcast together with shapes (32,) (218,) "
230830,ses230830-units-probe2-spk-BBXA.npy,load_failed,"Failed to safe-process memmap slice: operands could not be broadcast together with shapes (39,) (218,) "
230830,ses230830-units-probe2-spk-BXBA.npy,load_failed,"Failed to safe-process memmap slice: operands could not be broadcast together with shapes (41,) (218,) "
230830,ses230830-units-probe2-spk-RRRX.npy,load_failed,"Failed to safe-process memmap slice: operands could not be broadcast together with shapes (85,) (111,) "
230830,ses230830-units-probe2-spk-RRXR.npy,load_failed,"Failed to safe-process memmap slice: operands could not be broadcast together with shapes (39,) (111,) "
230830,ses230830-units-probe2-spk-RXRR.npy,load_failed,"Failed to safe-process memmap slice: operands could not be broadcast together with shapes (65,) (111,) "
230831,ses230831-units-probe0-spk-AAAX.npy,load_failed,"Failed to safe-process memmap slice: operands could not be broadcast together with shapes (40,) (220,) "
230831,ses230831-units-probe0-spk-AAXB.npy,load_failed,"Failed to safe-process memmap slice: operands could not be broadcast together with shapes (32,) (220,) "
230831,ses230831-units-probe0-spk-AXAB.npy,load_failed,"Failed to safe-process memmap slice: operands could not be broadcast together with shapes (38,) (220,) "
230831,ses230831-units-probe0-spk-BBBX.npy,load_failed,"Failed to safe-process memmap slice: operands could not be broadcast together with shapes (26,) (229,) "
230831,ses230831-units-probe0-spk-BBXA.npy,load_failed,"Failed to safe-process memmap slice: operands could not be broadcast together with shapes (27,) (229,) "
230831,ses230831-units-probe0-spk-BXBA.npy,load_failed,"Failed to safe-process memmap slice: operands could not be broadcast together with shapes (48,) (229,) "
230831,ses230831-units-probe0-spk-RRRX.npy,load_failed,"Failed to safe-process memmap slice: operands could not be broadcast together with shapes (86,) (111,) "
230831,ses230831-units-probe0-spk-RRXR.npy,load_failed,"Failed to safe-process memmap slice: operands could not be broadcast together with shapes (29,) (111,) "
230831,ses230831-units-probe0-spk-RXRR.npy,load_failed,"Failed to safe-process memmap slice: operands could not be broadcast together with shapes (74,) (111,) "
230831,ses230831-units-probe1-spk-AAAX.npy,load_failed,"Failed to safe-process memmap slice: operands could not be broadcast together with shapes (40,) (220,) "
230831,ses230831-units-probe1-spk-AAXB.npy,load_failed,"Failed to safe-process memmap slice: operands could not be broadcast together with shapes (32,) (220,) "
230831,ses230831-units-probe1-spk-AXAB.npy,load_failed,"Failed to safe-process memmap slice: operands could not be broadcast together with shapes (38,) (220,) "
230831,ses230831-units-probe1-spk-BBBX.npy,load_failed,"Failed to safe-process memmap slice: operands could not be broadcast together with shapes (26,) (229,) "
230831,ses230831-units-probe1-spk-BBXA.npy,load_failed,"Failed to safe-process memmap slice: operands could not be broadcast together with shapes (27,) (229,) "
230831,ses230831-units-probe1-spk-BXBA.npy,load_failed,"Failed to safe-process memmap slice: operands could not be broadcast together with shapes (48,) (229,) "
230831,ses230831-units-probe1-spk-RRRX.npy,load_failed,"Failed to safe-process memmap slice: operands could not be broadcast together with shapes (86,) (111,) "
230831,ses230831-units-probe1-spk-RRXR.npy,load_failed,"Failed to safe-process memmap slice: operands could not be broadcast together with shapes (29,) (111,) "
230831,ses230831-units-probe1-spk-RXRR.npy,load_failed,"Failed to safe-process memmap slice: operands could not be broadcast together with shapes (74,) (111,) "
230831,ses230831-units-probe2-spk-AAAX.npy,load_failed,"Failed to safe-process memmap slice: operands could not be broadcast together with shapes (40,) (220,) "
230831,ses230831-units-probe2-spk-AAXB.npy,load_failed,"Failed to safe-process memmap slice: operands could not be broadcast together with shapes (32,) (220,) "
230831,ses230831-units-probe2-spk-AXAB.npy,load_failed,"Failed to safe-process memmap slice: operands could not be broadcast together with shapes (38,) (220,) "
230831,ses230831-units-probe2-spk-BBBX.npy,load_failed,"Failed to safe-process memmap slice: operands could not be broadcast together with shapes (26,) (229,) "
230831,ses230831-units-probe2-spk-BBXA.npy,load_failed,"Failed to safe-process memmap slice: operands could not be broadcast together with shapes (27,) (229,) "
230831,ses230831-units-probe2-spk-BXBA.npy,load_failed,"Failed to safe-process memmap slice: operands could not be broadcast together with shapes (48,) (229,) "
230831,ses230831-units-probe2-spk-RRRX.npy,load_failed,"Failed to safe-process memmap slice: operands could not be broadcast together with shapes (86,) (111,) "
230831,ses230831-units-probe2-spk-RRXR.npy,load_failed,"Failed to safe-process memmap slice: operands could not be broadcast together with shapes (29,) (111,) "
230831,ses230831-units-probe2-spk-RXRR.npy,load_failed,"Failed to safe-process memmap slice: operands could not be broadcast together with shapes (74,) (111,) "
230901,ses230901-units-probe0-spk-AAAX.npy,load_failed,"Failed to safe-process memmap slice: operands could not be broadcast together with shapes (30,) (247,) "
230901,ses230901-units-probe0-spk-AAXB.npy,load_failed,"Failed to safe-process memmap slice: operands could not be broadcast together with shapes (40,) (247,) "
230901,ses230901-units-probe0-spk-AXAB.npy,load_failed,"Failed to safe-process memmap slice: operands could not be broadcast together with shapes (30,) (247,) "
230901,ses230901-units-probe0-spk-BBBX.npy,load_failed,"Failed to safe-process memmap slice: operands could not be broadcast together with shapes (30,) (216,) "
230901,ses230901-units-probe0-spk-BBXA.npy,load_failed,"Failed to safe-process memmap slice: operands could not be broadcast together with shapes (42,) (216,) "
230901,ses230901-units-probe0-spk-BXBA.npy,load_failed,"Failed to safe-process memmap slice: operands could not be broadcast together with shapes (42,) (216,) "
230901,ses230901-units-probe0-spk-RRRX.npy,load_failed,"Failed to safe-process memmap slice: operands could not be broadcast together with shapes (104,) (106,) "
230901,ses230901-units-probe0-spk-RRXR.npy,load_failed,"Failed to safe-process memmap slice: operands could not be broadcast together with shapes (40,) (106,) "
230901,ses230901-units-probe0-spk-RXRR.npy,load_failed,"Failed to safe-process memmap slice: operands could not be broadcast together with shapes (50,) (106,) "
230901,ses230901-units-probe2-spk-AAAX.npy,load_failed,"Failed to safe-process memmap slice: operands could not be broadcast together with shapes (30,) (247,) "
230901,ses230901-units-probe2-spk-AAXB.npy,load_failed,"Failed to safe-process memmap slice: operands could not be broadcast together with shapes (40,) (247,) "
230901,ses230901-units-probe2-spk-AXAB.npy,load_failed,"Failed to safe-process memmap slice: operands could not be broadcast together with shapes (30,) (247,) "
230901,ses230901-units-probe2-spk-BBBX.npy,load_failed,"Failed to safe-process memmap slice: operands could not be broadcast together with shapes (30,) (216,) "
230901,ses230901-units-probe2-spk-BBXA.npy,load_failed,"Failed to safe-process memmap slice: operands could not be broadcast together with shapes (42,) (216,) "
230901,ses230901-units-probe2-spk-BXBA.npy,load_failed,"Failed to safe-process memmap slice: operands could not be broadcast together with shapes (42,) (216,) "
230901,ses230901-units-probe2-spk-RRRX.npy,load_failed,"Failed to safe-process memmap slice: operands could not be broadcast together with shapes (104,) (106,) "
230901,ses230901-units-probe2-spk-RRXR.npy,load_failed,"Failed to safe-process memmap slice: operands could not be broadcast together with shapes (40,) (106,) "
230901,ses230901-units-probe2-spk-RXRR.npy,load_failed,"Failed to safe-process memmap slice: operands could not be broadcast together with shapes (50,) (106,) "
