test_file	loc	tests	runtime_s	covered_lines	unique_lines	jnwb_lines	scripts_lines	unique_jnwb	unique_scripts	failed_or_error
tests/test_a_silent_no_op_is_refused.py	236	12	3.45	362	3	362	0	3	0	0
tests/test_acquisition_layout.py	374	38	33.75	372	13	372	0	13	0	0
tests/test_addressing.py	855	70	1.42	388	44	388	0	44	0	0
tests/test_adversarial_inputs.py	308	104	3.07	1266	31	1266	0	31	0	0
tests/test_agents_md_recipes.py	137	7	2.02	811	0	811	0	0	0	0
tests/test_agents_md_stays_a_router.py	158	7	6.88	89	89	0	89	0	89	0
tests/test_analyzers_coverage.py	899	66	2.06	725	110	725	0	110	0	0
tests/test_api_consistency.py	250	78	3.93	603	13	603	0	13	0	0
tests/test_api_md_is_interpreter_independent.py	173	7	32.47	227	8	65	162	0	8	0
tests/test_api_md_member_types.py	260	13	0.64	146	7	63	83	0	7	0
tests/test_api_surface.py	181	5	1.28	0	0	0	0	0	0	0
tests/test_architecture_page_reachability.py	231	12	0.24	11	0	0	11	0	0	0
tests/test_artifact_detection.py	142	9	0.08	61	6	61	0	6	0	0
tests/test_artifact_repair.py	286	29	0.44	128	32	128	0	32	0	0
tests/test_audit_reproducers.py	53	3	0.01	16	0	16	0	0	0	0
tests/test_axis_convention_matches_the_specification.py	285	129	3.82	54	0	54	0	0	0	0
tests/test_backend.py	333	31	2.08	213	2	213	0	2	0	0
tests/test_batch_a_regressions.py	217	17	7.98	325	0	325	0	0	0	0
tests/test_bump_version.py	138	10	97.07	37	37	0	37	0	37	0
tests/test_changelog_fragments.py	229	15	5.17	79	73	0	79	0	73	0
tests/test_channel_axis_is_not_assumed.py	183	11	0.3	79	5	79	0	5	0	0
tests/test_ci_conclusion_gate.py	364	25	0.47	122	97	0	122	0	97	0
tests/test_claim_wording.py	212	8	2.34	19	0	0	19	0	0	0
tests/test_collection_order_stability.py	177	11	34.85	0	0	0	0	0	0	0
tests/test_complex_tfr.py	446	44	0.72	165	25	165	0	25	0	0
tests/test_composition_aggregation_order.py	460	32	0.81	274	3	274	0	3	0	0
tests/test_composition_axis.py	409	16	1.54	730	11	730	0	11	0	0
tests/test_composition_failure_propagation.py	403	12	0.17	657	0	657	0	0	0	0
tests/test_composition_identifier_survival.py	308	9	0.34	578	0	578	0	0	0	0
tests/test_composition_randomness.py	347	17	77.22	645	0	645	0	0	0	0
tests/test_compression.py	1575	149	16.74	457	399	457	0	399	0	0
tests/test_computational_contract_gate.py	207	5	2.56	593	25	182	411	0	25	0
tests/test_computational_order_sources_agree.py	435	11	4.98	249	117	136	113	4	113	0
tests/test_connectivity.py	1468	139	26.34	1504	50	1504	0	50	0	0
tests/test_connectivity_reporting.py	170	12	1.27	514	3	514	0	3	0	0
tests/test_container_type_contradiction.py	250	8	4.55	324	15	324	0	15	0	0
tests/test_continuous.py	204	10	0.07	65	5	65	0	5	0	0
tests/test_cross_modal_comparison_faces_agree.py	166	12	2.38	173	0	173	0	0	0	0
tests/test_declared_return_shapes.py	155	13	0.07	127	0	127	0	0	0	0
tests/test_decoding.py	635	56	30.37	322	72	322	0	72	0	0
tests/test_decoding_labels.py	219	35	9.95	141	0	141	0	0	0	0
tests/test_dependency_floors_are_installable.py	323	19	1.86	97	72	0	97	0	72	0
tests/test_device_denial_contract.py	326	21	2.12	420	15	420	0	15	0	0
tests/test_diagrams_render.py	195	12	56.33	0	0	0	0	0	0	0
tests/test_dict_access_shim.py	252	55	2.25	45	16	45	0	16	0	0
tests/test_distribution_manifest_inspection.py	228	18	0.84	11	11	0	11	0	11	0
tests/test_docs_call_shapes.py	634	32	12.34	2535	2	2535	0	2	0	0
tests/test_docs_decoding_chain.py	456	8	0.16	38	0	38	0	0	0	0
tests/test_docs_form_gate.py	351	34	5.45	315	176	0	315	0	176	0
tests/test_docs_interpretation_statements.py	148	10	1.62	350	0	350	0	0	0	0
tests/test_docs_links.py	48	2	0.08	0	0	0	0	0	0	0
tests/test_docs_nwb_workflow.py	268	21	11.75	477	0	477	0	0	0	0
tests/test_docs_operation_statements.py	960	53	62.74	4255	10	4255	0	10	0	0
tests/test_docs_runnable_prerequisites.py	97	4	0.07	0	0	0	0	0	0	0
tests/test_docs_smoke.py	302	10	5.32	2392	0	2392	0	0	0	0
tests/test_docs_user_navigation.py	253	11	1.42	38	3	0	38	0	3	0
tests/test_documentation_form.py	307	33	0.89	83	2	0	83	0	2	0
tests/test_epoch_onset_sanity.py	215	27	0.92	197	16	197	0	16	0	0
tests/test_errors_documented.py	303	70	6.67	250	195	5	245	0	195	0
tests/test_estimator_discrimination.py	251	9	0.94	443	0	443	0	0	0	0
tests/test_estimator_values_are_pinned.py	552	36	1.24	905	20	905	0	20	0	0
tests/test_every_declaration_has_a_caller.py	173	7	1.0	0	0	0	0	0	0	0
tests/test_every_gate_runs.py	225	30	33.65	1994	52	180	1814	0	52	0
tests/test_examples_quickstart.py	103	4	26.11	500	0	500	0	0	0	0
tests/test_execution_switch.py	487	112	27.8	1683	74	1683	0	74	0	0
tests/test_fact_gate.py	273	32	40.76	461	64	67	394	0	64	0
tests/test_figure_form.py	1942	530	425.0	1116	5	1076	40	1	4	0
tests/test_filtering.py	92	9	0.08	75	22	75	0	22	0	0
tests/test_findings_ledger.py	165	6	0.02	0	0	0	0	0	0	0
tests/test_frozen_validated.py	75	6	0.24	63	5	0	63	0	5	0
tests/test_gate2_ignores_nested_checkouts.py	343	22	9.71	81	37	0	81	0	37	0
tests/test_gate8_covers_every_version_surface.py	86	9	1.8	91	10	0	91	0	10	0
tests/test_gates_reject_the_trees_they_passed.py	595	64	10.23	279	24	0	279	0	24	0
tests/test_generated_figures_are_maintained.py	231	25	47.08	0	0	0	0	0	0	0
tests/test_generated_files_are_byte_stable.py	188	23	1.79	219	0	65	154	0	0	0
tests/test_generation_closure_is_declared.py	194	13	1.01	221	2	0	221	0	2	0
tests/test_git_checkout_mark.py	46	4	0.08	0	0	0	0	0	0	0
tests/test_gitignore_excludes_cache_by_path.py	222	19	5.5	0	0	0	0	0	0	0
tests/test_gpu_launch_overhead.py	553	51	5.16	158	1	158	0	1	0	0
tests/test_gpu_pca.py	120	5	0.04	65	4	65	0	4	0	0
tests/test_granger_order_validation.py	50	22	0.25	420	2	420	0	2	0	0
tests/test_harness_adversarial_gates.py	2343	211	18.64	1192	197	65	1127	0	197	0
tests/test_hdmf_nwb_read_boundary.py	247	10	11.37	89	1	89	0	1	0	0
tests/test_import_lazy.py	251	14	44.08	5	0	5	0	0	0	0
tests/test_import_profile_receipt.py	266	13	17.21	755	87	627	128	0	87	0
tests/test_import_provenance.py	354	20	71.94	14	13	14	0	13	0	0
tests/test_independent_audit_semantics.py	269	26	2.98	1376	15	1376	0	15	0	0
tests/test_inspect_one_schema.py	269	19	13.54	505	5	505	0	5	0	0
tests/test_integration_0_2_1.py	253	7	0.11	404	0	404	0	0	0	0
tests/test_io.py	259	63	2.03	137	30	137	0	30	0	0
tests/test_jnwb_core.py	295	26	15.29	370	2	370	0	2	0	0
tests/test_jnwb_frozen_boundary.py	176	6	9.5	0	0	0	0	0	0	0
tests/test_jrsa.py	276	30	3.58	458	7	458	0	7	0	0
tests/test_jrsa_correction_fallback.py	430	31	3.42	19	7	19	0	7	0	0
tests/test_jrsa_correctness.py	1296	294	77.91	1300	172	1300	0	172	0	0
tests/test_jrsa_gpu.py	137	11	7.78	512	13	512	0	13	0	0
tests/test_jrsa_no_fabricated_failures.py	68	7	0.06	102	3	102	0	3	0	0
tests/test_jrsa_provenance.py	226	26	1.64	383	5	383	0	5	0	0
tests/test_jrsa_result_io.py	203	19	2.14	473	99	473	0	99	0	0
tests/test_laminar.py	1527	77	12.28	747	34	747	0	34	0	0
tests/test_laminar_curation.py	602	74	26.92	805	133	805	0	133	0	0
tests/test_laminar_index_space_and_boundary.py	573	53	0.95	478	25	478	0	25	0	0
tests/test_lane_verifies_its_own_baseline.py	180	16	18.01	42	42	0	42	0	42	0
tests/test_line_endings_survive_an_edit.py	170	16	13.75	65	27	0	65	0	27	0
tests/test_majority_baselines_agree.py	122	22	0.53	87	4	87	0	4	0	0
tests/test_mcp_server.py	459	22	15.02	592	154	592	0	154	0	0
tests/test_metadata.py	1115	80	10.3	816	187	816	0	187	0	0
tests/test_minimal_units_table.py	200	16	6.16	284	8	284	0	8	0	0
tests/test_module_docstrings_match_their_code.py	554	27	3.64	29	0	29	0	0	0	0
tests/test_mutation_harness_validity.py	1341	85	124.58	541	298	0	541	0	298	0
tests/test_nam.py	56	3	7.94	60	57	60	0	57	0	0
tests/test_no_fabricated_significance.py	131	21	10.0	621	7	621	0	7	0	0
tests/test_no_fabricated_spiking_and_repair.py	208	18	0.14	289	18	289	0	18	0	0
tests/test_no_silent_truncation.py	181	25	0.39	489	10	489	0	10	0	0
tests/test_no_unreferenced_symbols.py	127	3	2.45	0	0	0	0	0	0	0
tests/test_notebooks.py	213	10	63.22	0	0	0	0	0	0	0
tests/test_nwb_events.py	335	25	16.84	382	12	382	0	12	0	0
tests/test_nwb_inspect.py	498	30	20.26	750	3	750	0	3	0	0
tests/test_nwb_integrity.py	527	50	1.33	149	106	149	0	106	0	0
tests/test_nwb_read_tolerance_and_visibility.py	403	30	15.07	284	6	284	0	6	0	0
tests/test_nwb_synthetic_fixtures.py	257	19	16.88	263	0	263	0	0	0	0
tests/test_nwb_validate.py	174	13	6.79	201	93	201	0	93	0	0
tests/test_onset_fitting.py	204	27	21.23	517	12	517	0	12	0	0
tests/test_ontology.py	607	133	5.47	177	135	177	0	135	0	0
tests/test_open_data_example.py	191	6	19.98	292	0	292	0	0	0	0
tests/test_optional_dependencies.py	36	2	0.15	68	2	68	0	2	0	0
tests/test_optional_vis_extra.py	106	7	24.71	24	0	0	24	0	0	0
tests/test_parallel.py	347	24	64.54	867	4	867	0	4	0	0
tests/test_paths.py	258	40	0.36	72	70	72	0	70	0	0
tests/test_paths_identity.py	70	13	0.24	17	15	17	0	15	0	0
tests/test_pca_device_parity.py	402	31	4.1	166	2	166	0	2	0	0
tests/test_permutation.py	215	29	0.26	81	6	81	0	6	0	0
tests/test_pointer_documents_resolve.py	232	18	0.38	0	0	0	0	0	0	0
tests/test_precision_switch.py	436	34	1.0	1014	7	1014	0	7	0	0
tests/test_probe_axis_sign_is_pinned.py	212	85	1.38	437	0	437	0	0	0	0
tests/test_prose_version_claims_are_live.py	229	39	3.21	0	0	0	0	0	0	0
tests/test_public_api_reachability.py	78	7	3.39	279	0	279	0	0	0	0
tests/test_readme_smoke.py	154	6	0.96	255	0	255	0	0	0	0
tests/test_references_resolve.py	251	9	0.22	0	0	0	0	0	0	0
tests/test_release_body_gate.py	457	53	1.81	112	47	0	112	0	47	0
tests/test_release_body_script.py	141	10	1.17	88	23	0	88	0	23	0
tests/test_release_contains_main.py	113	8	27.88	24	24	0	24	0	24	0
tests/test_release_recovery_gates.py	233	13	31.44	57	3	6	51	0	3	0
tests/test_release_requires_an_empty_problem_stack.py	881	165	425.58	546	289	0	546	0	289	0
tests/test_release_version_is_unpublished.py	194	14	0.2	35	25	0	35	0	25	0
tests/test_representative_workflow.py	224	6	8.07	578	0	578	0	0	0	0
tests/test_rng_control.py	325	58	14.47	1141	8	1141	0	8	0	0
tests/test_rng_convention_matches_the_signatures.py	386	14	10.33	788	0	788	0	0	0	0
tests/test_rng_parameters_by_use.py	141	5	8.03	0	0	0	0	0	0	0
tests/test_rng_spelling.py	240	56	0.63	374	3	374	0	3	0	0
tests/test_role_files_point_to_one_contract.py	152	13	0.11	0	0	0	0	0	0	0
tests/test_rsa.py	170	8	2.29	384	5	384	0	5	0	0
tests/test_rsa_oracle.py	333	65	0.58	353	8	353	0	8	0	0
tests/test_semantic_mutation_classes.py	862	22	174.62	220	0	0	220	0	0	0
tests/test_shuffle_pvalues_are_ranks.py	504	36	59.75	1457	0	1457	0	0	0	0
tests/test_single_agent_instruction_file.py	97	6	0.39	0	0	0	0	0	0	0
tests/test_skill_claims_match_the_router.py	125	4	0.25	262	0	262	0	0	0	0
tests/test_skill_decline_behaviour.py	879	69	6.15	2578	13	2578	0	13	0	0
tests/test_skill_default_claims_match_signatures.py	133	2	0.3	102	1	102	0	1	0	0
tests/test_skill_examples_execute.py	177	33	11.54	1892	0	1892	0	0	0	0
tests/test_skill_router_reach.py	211	25	0.25	0	0	0	0	0	0	0
tests/test_skill_routing_behaviour.py	94	6	0.64	275	0	275	0	0	0	0
tests/test_skill_symbol_coverage.py	478	19	0.8	0	0	0	0	0	0	0
tests/test_skills_are_findable_from_an_installed_copy.py	194	11	0.4	0	0	0	0	0	0	0
tests/test_skills_validation.py	1999	84	21.62	2983	129	2983	0	129	0	0
tests/test_spectral.py	2310	259	22.01	851	156	851	0	156	0	0
tests/test_spectral_nonfabrication.py	112	23	0.63	164	0	164	0	0	0	0
tests/test_spiking.py	817	99	8.12	426	67	426	0	67	0	0
tests/test_stack_edit.py	392	55	2.32	174	174	0	174	0	174	0
tests/test_stack_metadata_contradictions.py	503	54	1.68	238	31	0	238	0	31	0
tests/test_staggered_shafts.py	336	23	0.38	180	0	180	0	0	0	0
tests/test_standing_rules_name_no_cycle.py	60	3	0.03	0	0	0	0	0	0	0
tests/test_state_basis_is_checked.py	283	8	38.71	93	0	0	93	0	0	0
tests/test_state_reconstruction.py	246	10	146.71	121	21	0	121	0	21	0
tests/test_statistics.py	1382	213	27.1	832	35	832	0	35	0	0
tests/test_statistics_api_split.py	458	34	3.91	433	15	433	0	15	0	0
tests/test_substitution_class_sweep.py	1215	41	21.14	760	24	760	0	24	0	0
tests/test_synthetic_figures_are_labelled.py	122	5	0.14	0	0	0	0	0	0	0
tests/test_test_imports_survive_the_wheel_leg.py	253	6	12.25	0	0	0	0	0	0	0
tests/test_testing_synth.py	347	34	2.5	623	30	623	0	30	0	0
tests/test_tfr_accumulator.py	642	80	2.25	208	49	208	0	49	0	0
tests/test_tfr_container.py	31	9	0.08	83	2	83	0	2	0	0
tests/test_tfr_extract_band_regressions.py	156	12	0.09	89	13	89	0	13	0	0
tests/test_the_suite_can_qualify_an_installed_copy.py	527	16	29.38	0	0	0	0	0	0	0
tests/test_trajectory.py	409	18	0.2	219	11	219	0	11	0	0
tests/test_tutorial_00_foreign_shapes.py	277	28	149.22	213	0	213	0	0	0	0
tests/test_tutorials.py	120	12	71.71	0	0	0	0	0	0	0
tests/test_uncovered_exports.py	89	7	0.05	87	45	87	0	45	0	0
tests/test_unit_quality.py	348	27	0.21	136	30	136	0	30	0	0
tests/test_unit_suffixed_parameters.py	342	49	2.11	536	17	536	0	17	0	0
tests/test_vflip_calibration_receipt.py	234	9	4.81	228	84	0	228	0	84	0
tests/test_vis.py	795	58	6.63	1048	548	1048	0	548	0	0
tests/test_vis_draws_no_default_landmark.py	46	2	0.11	0	0	0	0	0	0	0
tests/test_visual_qc.py	329	16	13.59	222	177	222	0	177	0	0
tests/test_viz.py	168	17	0.74	105	1	105	0	1	0	0
tests/test_workflow_release_policy.py	803	56	24.87	25	0	0	25	0	0	0
tests/test_xflip.py	902	71	14.23	422	56	422	0	56	0	0
tests/test_xflip_calibration.py	365	33	111.09	359	5	359	0	5	0	0
tests/test_xflip_calibration_receipt.py	234	12	6.03	146	2	0	146	0	2	0
tests/test_zero_spread.py	182	13	0.45	651	1	651	0	1	0	0
tests/test_zflip.py	837	50	12.28	345	13	345	0	13	0	0
tests/test_zflip_audit.py	345	50	106.34	274	2	274	0	2	0	0
