session_id,condition,signal_class,source_file,shape,dims,n_trials,n_units,n_timepoints,time_axis_status,p1_relative_possible,omission_relative_possible,payload_read_policy,warnings
230629,AAAB,SPK,ses230629-units-probe0-spk-AAAB.npy,"(48, 354, 6000)","trial, unit, time",48,354,6000,valid_timebase_6000ms,true,true,memmap_slice_capped_trials_20_units_5,None
230629,AAAX,SPK,ses230629-units-probe0-spk-AAAX.npy,"(1, 354, 6000)","trial, unit, time",1,354,6000,valid_timebase_6000ms,true,true,memmap_slice_capped_trials_20_units_5,None
230629,AAXB,SPK,ses230629-units-probe0-spk-AAXB.npy,"(5, 354, 6000)","trial, unit, time",5,354,6000,valid_timebase_6000ms,true,true,memmap_slice_capped_trials_20_units_5,None
230629,AXAB,SPK,ses230629-units-probe0-spk-AXAB.npy,"(6, 354, 6000)","trial, unit, time",6,354,6000,valid_timebase_6000ms,true,true,memmap_slice_capped_trials_20_units_5,None
230629,BBBA,SPK,ses230629-units-probe0-spk-BBBA.npy,"(50, 354, 6000)","trial, unit, time",50,354,6000,valid_timebase_6000ms,true,true,memmap_slice_capped_trials_20_units_5,None
230629,BBBX,SPK,ses230629-units-probe0-spk-BBBX.npy,"(2, 354, 6000)","trial, unit, time",2,354,6000,valid_timebase_6000ms,true,true,memmap_slice_capped_trials_20_units_5,None
230629,BBXA,SPK,ses230629-units-probe0-spk-BBXA.npy,"(3, 354, 6000)","trial, unit, time",3,354,6000,valid_timebase_6000ms,true,true,memmap_slice_capped_trials_20_units_5,None
230629,BXBA,SPK,ses230629-units-probe0-spk-BXBA.npy,"(5, 354, 6000)","trial, unit, time",5,354,6000,valid_timebase_6000ms,true,true,memmap_slice_capped_trials_20_units_5,None
230629,RRRR,SPK,ses230629-units-probe0-spk-RRRR.npy,"(84, 354, 6000)","trial, unit, time",84,354,6000,valid_timebase_6000ms,true,true,memmap_slice_capped_trials_20_units_5,None
230629,RRRX,SPK,ses230629-units-probe0-spk-RRRX.npy,"(6, 354, 6000)","trial, unit, time",6,354,6000,valid_timebase_6000ms,true,true,memmap_slice_capped_trials_20_units_5,None
230629,RRXR,SPK,ses230629-units-probe0-spk-RRXR.npy,"(2, 354, 6000)","trial, unit, time",2,354,6000,valid_timebase_6000ms,true,true,memmap_slice_capped_trials_20_units_5,None
230629,RXRR,SPK,ses230629-units-probe0-spk-RXRR.npy,"(8, 354, 6000)","trial, unit, time",8,354,6000,valid_timebase_6000ms,true,true,memmap_slice_capped_trials_20_units_5,None
230629,AAAB,SPK,ses230629-units-probe1-spk-AAAB.npy,"(48, 110, 6000)","trial, unit, time",48,110,6000,valid_timebase_6000ms,true,true,memmap_slice_capped_trials_20_units_5,None
230629,AAAX,SPK,ses230629-units-probe1-spk-AAAX.npy,"(1, 110, 6000)","trial, unit, time",1,110,6000,valid_timebase_6000ms,true,true,memmap_slice_capped_trials_20_units_5,None
230629,AAXB,SPK,ses230629-units-probe1-spk-AAXB.npy,"(5, 110, 6000)","trial, unit, time",5,110,6000,valid_timebase_6000ms,true,true,memmap_slice_capped_trials_20_units_5,None
230629,AXAB,SPK,ses230629-units-probe1-spk-AXAB.npy,"(6, 110, 6000)","trial, unit, time",6,110,6000,valid_timebase_6000ms,true,true,memmap_slice_capped_trials_20_units_5,None
230629,BBBA,SPK,ses230629-units-probe1-spk-BBBA.npy,"(50, 110, 6000)","trial, unit, time",50,110,6000,valid_timebase_6000ms,true,true,memmap_slice_capped_trials_20_units_5,None
230629,BBBX,SPK,ses230629-units-probe1-spk-BBBX.npy,"(2, 110, 6000)","trial, unit, time",2,110,6000,valid_timebase_6000ms,true,true,memmap_slice_capped_trials_20_units_5,None
230629,BBXA,SPK,ses230629-units-probe1-spk-BBXA.npy,"(3, 110, 6000)","trial, unit, time",3,110,6000,valid_timebase_6000ms,true,true,memmap_slice_capped_trials_20_units_5,None
230629,BXBA,SPK,ses230629-units-probe1-spk-BXBA.npy,"(5, 110, 6000)","trial, unit, time",5,110,6000,valid_timebase_6000ms,true,true,memmap_slice_capped_trials_20_units_5,None
230629,RRRR,SPK,ses230629-units-probe1-spk-RRRR.npy,"(84, 110, 6000)","trial, unit, time",84,110,6000,valid_timebase_6000ms,true,true,memmap_slice_capped_trials_20_units_5,None
230629,RRRX,SPK,ses230629-units-probe1-spk-RRRX.npy,"(6, 110, 6000)","trial, unit, time",6,110,6000,valid_timebase_6000ms,true,true,memmap_slice_capped_trials_20_units_5,None
230629,RRXR,SPK,ses230629-units-probe1-spk-RRXR.npy,"(2, 110, 6000)","trial, unit, time",2,110,6000,valid_timebase_6000ms,true,true,memmap_slice_capped_trials_20_units_5,None
230629,RXRR,SPK,ses230629-units-probe1-spk-RXRR.npy,"(8, 110, 6000)","trial, unit, time",8,110,6000,valid_timebase_6000ms,true,true,memmap_slice_capped_trials_20_units_5,None
230630,AAAB,SPK,ses230630-units-probe0-spk-AAAB.npy,"(44, 29, 6000)","trial, unit, time",44,29,6000,valid_timebase_6000ms,true,true,memmap_slice_capped_trials_20_units_5,None
230630,AAAX,SPK,ses230630-units-probe0-spk-AAAX.npy,"(3, 29, 6000)","trial, unit, time",3,29,6000,valid_timebase_6000ms,true,true,memmap_slice_capped_trials_20_units_5,None
230630,AAXB,SPK,ses230630-units-probe0-spk-AAXB.npy,"(6, 29, 6000)","trial, unit, time",6,29,6000,valid_timebase_6000ms,true,true,memmap_slice_capped_trials_20_units_5,None
230630,AXAB,SPK,ses230630-units-probe0-spk-AXAB.npy,"(7, 29, 6000)","trial, unit, time",7,29,6000,valid_timebase_6000ms,true,true,memmap_slice_capped_trials_20_units_5,None
230630,BBBA,SPK,ses230630-units-probe0-spk-BBBA.npy,"(39, 29, 6000)","trial, unit, time",39,29,6000,valid_timebase_6000ms,true,true,memmap_slice_capped_trials_20_units_5,None
230630,BBBX,SPK,ses230630-units-probe0-spk-BBBX.npy,"(8, 29, 6000)","trial, unit, time",8,29,6000,valid_timebase_6000ms,true,true,memmap_slice_capped_trials_20_units_5,None
230630,BBXA,SPK,ses230630-units-probe0-spk-BBXA.npy,"(7, 29, 6000)","trial, unit, time",7,29,6000,valid_timebase_6000ms,true,true,memmap_slice_capped_trials_20_units_5,None
230630,BXBA,SPK,ses230630-units-probe0-spk-BXBA.npy,"(6, 29, 6000)","trial, unit, time",6,29,6000,valid_timebase_6000ms,true,true,memmap_slice_capped_trials_20_units_5,None
230630,RRRR,SPK,ses230630-units-probe0-spk-RRRR.npy,"(82, 29, 6000)","trial, unit, time",82,29,6000,valid_timebase_6000ms,true,true,memmap_slice_capped_trials_20_units_5,None
230630,RRRX,SPK,ses230630-units-probe0-spk-RRRX.npy,"(9, 29, 6000)","trial, unit, time",9,29,6000,valid_timebase_6000ms,true,true,memmap_slice_capped_trials_20_units_5,None
230630,RRXR,SPK,ses230630-units-probe0-spk-RRXR.npy,"(2, 29, 6000)","trial, unit, time",2,29,6000,valid_timebase_6000ms,true,true,memmap_slice_capped_trials_20_units_5,None
230630,RXRR,SPK,ses230630-units-probe0-spk-RXRR.npy,"(7, 29, 6000)","trial, unit, time",7,29,6000,valid_timebase_6000ms,true,true,memmap_slice_capped_trials_20_units_5,None
230630,AAAB,SPK,ses230630-units-probe1-spk-AAAB.npy,"(44, 88, 6000)","trial, unit, time",44,88,6000,valid_timebase_6000ms,true,true,memmap_slice_capped_trials_20_units_5,None
230630,AAAX,SPK,ses230630-units-probe1-spk-AAAX.npy,"(3, 88, 6000)","trial, unit, time",3,88,6000,valid_timebase_6000ms,true,true,memmap_slice_capped_trials_20_units_5,None
230630,AAXB,SPK,ses230630-units-probe1-spk-AAXB.npy,"(6, 88, 6000)","trial, unit, time",6,88,6000,valid_timebase_6000ms,true,true,memmap_slice_capped_trials_20_units_5,None
230630,AXAB,SPK,ses230630-units-probe1-spk-AXAB.npy,"(7, 88, 6000)","trial, unit, time",7,88,6000,valid_timebase_6000ms,true,true,memmap_slice_capped_trials_20_units_5,None
230630,BBBA,SPK,ses230630-units-probe1-spk-BBBA.npy,"(39, 88, 6000)","trial, unit, time",39,88,6000,valid_timebase_6000ms,true,true,memmap_slice_capped_trials_20_units_5,None
230630,BBBX,SPK,ses230630-units-probe1-spk-BBBX.npy,"(8, 88, 6000)","trial, unit, time",8,88,6000,valid_timebase_6000ms,true,true,memmap_slice_capped_trials_20_units_5,None
230630,BBXA,SPK,ses230630-units-probe1-spk-BBXA.npy,"(7, 88, 6000)","trial, unit, time",7,88,6000,valid_timebase_6000ms,true,true,memmap_slice_capped_trials_20_units_5,None
230630,BXBA,SPK,ses230630-units-probe1-spk-BXBA.npy,"(6, 88, 6000)","trial, unit, time",6,88,6000,valid_timebase_6000ms,true,true,memmap_slice_capped_trials_20_units_5,None
230630,RRRR,SPK,ses230630-units-probe1-spk-RRRR.npy,"(82, 88, 6000)","trial, unit, time",82,88,6000,valid_timebase_6000ms,true,true,memmap_slice_capped_trials_20_units_5,None
230630,RRRX,SPK,ses230630-units-probe1-spk-RRRX.npy,"(9, 88, 6000)","trial, unit, time",9,88,6000,valid_timebase_6000ms,true,true,memmap_slice_capped_trials_20_units_5,None
230630,RRXR,SPK,ses230630-units-probe1-spk-RRXR.npy,"(2, 88, 6000)","trial, unit, time",2,88,6000,valid_timebase_6000ms,true,true,memmap_slice_capped_trials_20_units_5,None
230630,RXRR,SPK,ses230630-units-probe1-spk-RXRR.npy,"(7, 88, 6000)","trial, unit, time",7,88,6000,valid_timebase_6000ms,true,true,memmap_slice_capped_trials_20_units_5,None
230630,AAAB,SPK,ses230630-units-probe2-spk-AAAB.npy,"(44, 50, 6000)","trial, unit, time",44,50,6000,valid_timebase_6000ms,true,true,memmap_slice_capped_trials_20_units_5,None
230630,AAAX,SPK,ses230630-units-probe2-spk-AAAX.npy,"(3, 50, 6000)","trial, unit, time",3,50,6000,valid_timebase_6000ms,true,true,memmap_slice_capped_trials_20_units_5,None
230630,AAXB,SPK,ses230630-units-probe2-spk-AAXB.npy,"(6, 50, 6000)","trial, unit, time",6,50,6000,valid_timebase_6000ms,true,true,memmap_slice_capped_trials_20_units_5,None
230630,AXAB,SPK,ses230630-units-probe2-spk-AXAB.npy,"(7, 50, 6000)","trial, unit, time",7,50,6000,valid_timebase_6000ms,true,true,memmap_slice_capped_trials_20_units_5,None
230630,BBBA,SPK,ses230630-units-probe2-spk-BBBA.npy,"(39, 50, 6000)","trial, unit, time",39,50,6000,valid_timebase_6000ms,true,true,memmap_slice_capped_trials_20_units_5,None
230630,BBBX,SPK,ses230630-units-probe2-spk-BBBX.npy,"(8, 50, 6000)","trial, unit, time",8,50,6000,valid_timebase_6000ms,true,true,memmap_slice_capped_trials_20_units_5,None
230630,BBXA,SPK,ses230630-units-probe2-spk-BBXA.npy,"(7, 50, 6000)","trial, unit, time",7,50,6000,valid_timebase_6000ms,true,true,memmap_slice_capped_trials_20_units_5,None
230630,BXBA,SPK,ses230630-units-probe2-spk-BXBA.npy,"(6, 50, 6000)","trial, unit, time",6,50,6000,valid_timebase_6000ms,true,true,memmap_slice_capped_trials_20_units_5,None
230630,RRRR,SPK,ses230630-units-probe2-spk-RRRR.npy,"(82, 50, 6000)","trial, unit, time",82,50,6000,valid_timebase_6000ms,true,true,memmap_slice_capped_trials_20_units_5,None
230630,RRRX,SPK,ses230630-units-probe2-spk-RRRX.npy,"(9, 50, 6000)","trial, unit, time",9,50,6000,valid_timebase_6000ms,true,true,memmap_slice_capped_trials_20_units_5,None
230630,RRXR,SPK,ses230630-units-probe2-spk-RRXR.npy,"(2, 50, 6000)","trial, unit, time",2,50,6000,valid_timebase_6000ms,true,true,memmap_slice_capped_trials_20_units_5,None
230630,RXRR,SPK,ses230630-units-probe2-spk-RXRR.npy,"(7, 50, 6000)","trial, unit, time",7,50,6000,valid_timebase_6000ms,true,true,memmap_slice_capped_trials_20_units_5,None
230714,AAAB,SPK,ses230714-units-probe0-spk-AAAB.npy,"(221, 423, 6000)","trial, unit, time",221,423,6000,valid_timebase_6000ms,true,true,memmap_slice_capped_trials_20_units_5,None
230714,AAAX,SPK,ses230714-units-probe0-spk-AAAX.npy,"(38, 423, 6000)","trial, unit, time",38,423,6000,valid_timebase_6000ms,true,true,memmap_slice_capped_trials_20_units_5,None
230714,AAXB,SPK,ses230714-units-probe0-spk-AAXB.npy,"(33, 423, 6000)","trial, unit, time",33,423,6000,valid_timebase_6000ms,true,true,memmap_slice_capped_trials_20_units_5,None
230714,AXAB,SPK,ses230714-units-probe0-spk-AXAB.npy,"(38, 423, 6000)","trial, unit, time",38,423,6000,valid_timebase_6000ms,true,true,memmap_slice_capped_trials_20_units_5,None
230714,BBBA,SPK,ses230714-units-probe0-spk-BBBA.npy,"(239, 423, 6000)","trial, unit, time",239,423,6000,valid_timebase_6000ms,true,true,memmap_slice_capped_trials_20_units_5,None
230714,BBBX,SPK,ses230714-units-probe0-spk-BBBX.npy,"(33, 423, 6000)","trial, unit, time",33,423,6000,valid_timebase_6000ms,true,true,memmap_slice_capped_trials_20_units_5,None
230714,BBXA,SPK,ses230714-units-probe0-spk-BBXA.npy,"(35, 423, 6000)","trial, unit, time",35,423,6000,valid_timebase_6000ms,true,true,memmap_slice_capped_trials_20_units_5,None
230714,BXBA,SPK,ses230714-units-probe0-spk-BXBA.npy,"(23, 423, 6000)","trial, unit, time",23,423,6000,valid_timebase_6000ms,true,true,memmap_slice_capped_trials_20_units_5,None
230714,RRRR,SPK,ses230714-units-probe0-spk-RRRR.npy,"(155, 423, 6000)","trial, unit, time",155,423,6000,valid_timebase_6000ms,true,true,memmap_slice_capped_trials_20_units_5,None
230714,RRRX,SPK,ses230714-units-probe0-spk-RRRX.npy,"(73, 423, 6000)","trial, unit, time",73,423,6000,valid_timebase_6000ms,true,true,memmap_slice_capped_trials_20_units_5,None
230714,RRXR,SPK,ses230714-units-probe0-spk-RRXR.npy,"(28, 423, 6000)","trial, unit, time",28,423,6000,valid_timebase_6000ms,true,true,memmap_slice_capped_trials_20_units_5,None
230714,RXRR,SPK,ses230714-units-probe0-spk-RXRR.npy,"(44, 423, 6000)","trial, unit, time",44,423,6000,valid_timebase_6000ms,true,true,memmap_slice_capped_trials_20_units_5,None
230714,AAAB,SPK,ses230714-units-probe1-spk-AAAB.npy,"(221, 166, 6000)","trial, unit, time",221,166,6000,valid_timebase_6000ms,true,true,memmap_slice_capped_trials_20_units_5,None
230714,AAAX,SPK,ses230714-units-probe1-spk-AAAX.npy,"(38, 166, 6000)","trial, unit, time",38,166,6000,valid_timebase_6000ms,true,true,memmap_slice_capped_trials_20_units_5,None
230714,AAXB,SPK,ses230714-units-probe1-spk-AAXB.npy,"(33, 166, 6000)","trial, unit, time",33,166,6000,valid_timebase_6000ms,true,true,memmap_slice_capped_trials_20_units_5,None
230714,AXAB,SPK,ses230714-units-probe1-spk-AXAB.npy,"(38, 166, 6000)","trial, unit, time",38,166,6000,valid_timebase_6000ms,true,true,memmap_slice_capped_trials_20_units_5,None
230714,BBBA,SPK,ses230714-units-probe1-spk-BBBA.npy,"(239, 166, 6000)","trial, unit, time",239,166,6000,valid_timebase_6000ms,true,true,memmap_slice_capped_trials_20_units_5,None
230714,BBBX,SPK,ses230714-units-probe1-spk-BBBX.npy,"(33, 166, 6000)","trial, unit, time",33,166,6000,valid_timebase_6000ms,true,true,memmap_slice_capped_trials_20_units_5,None
230714,BBXA,SPK,ses230714-units-probe1-spk-BBXA.npy,"(35, 166, 6000)","trial, unit, time",35,166,6000,valid_timebase_6000ms,true,true,memmap_slice_capped_trials_20_units_5,None
230714,BXBA,SPK,ses230714-units-probe1-spk-BXBA.npy,"(23, 166, 6000)","trial, unit, time",23,166,6000,valid_timebase_6000ms,true,true,memmap_slice_capped_trials_20_units_5,None
230714,RRRR,SPK,ses230714-units-probe1-spk-RRRR.npy,"(155, 166, 6000)","trial, unit, time",155,166,6000,valid_timebase_6000ms,true,true,memmap_slice_capped_trials_20_units_5,None
230714,RRRX,SPK,ses230714-units-probe1-spk-RRRX.npy,"(73, 166, 6000)","trial, unit, time",73,166,6000,valid_timebase_6000ms,true,true,memmap_slice_capped_trials_20_units_5,None
230714,RRXR,SPK,ses230714-units-probe1-spk-RRXR.npy,"(28, 166, 6000)","trial, unit, time",28,166,6000,valid_timebase_6000ms,true,true,memmap_slice_capped_trials_20_units_5,None
230714,RXRR,SPK,ses230714-units-probe1-spk-RXRR.npy,"(44, 166, 6000)","trial, unit, time",44,166,6000,valid_timebase_6000ms,true,true,memmap_slice_capped_trials_20_units_5,None
230719,AAAB,SPK,ses230719-units-probe0-spk-AAAB.npy,"(238, 288, 6000)","trial, unit, time",238,288,6000,valid_timebase_6000ms,true,true,memmap_slice_capped_trials_20_units_5,None
230719,AAAX,SPK,ses230719-units-probe0-spk-AAAX.npy,"(31, 288, 6000)","trial, unit, time",31,288,6000,valid_timebase_6000ms,true,true,memmap_slice_capped_trials_20_units_5,None
230719,AAXB,SPK,ses230719-units-probe0-spk-AAXB.npy,"(35, 288, 6000)","trial, unit, time",35,288,6000,valid_timebase_6000ms,true,true,memmap_slice_capped_trials_20_units_5,None
230719,AXAB,SPK,ses230719-units-probe0-spk-AXAB.npy,"(26, 288, 6000)","trial, unit, time",26,288,6000,valid_timebase_6000ms,true,true,memmap_slice_capped_trials_20_units_5,None
230719,BBBA,SPK,ses230719-units-probe0-spk-BBBA.npy,"(232, 288, 6000)","trial, unit, time",232,288,6000,valid_timebase_6000ms,true,true,memmap_slice_capped_trials_20_units_5,None
230719,BBBX,SPK,ses230719-units-probe0-spk-BBBX.npy,"(35, 288, 6000)","trial, unit, time",35,288,6000,valid_timebase_6000ms,true,true,memmap_slice_capped_trials_20_units_5,None
230719,BBXA,SPK,ses230719-units-probe0-spk-BBXA.npy,"(30, 288, 6000)","trial, unit, time",30,288,6000,valid_timebase_6000ms,true,true,memmap_slice_capped_trials_20_units_5,None
230719,BXBA,SPK,ses230719-units-probe0-spk-BXBA.npy,"(33, 288, 6000)","trial, unit, time",33,288,6000,valid_timebase_6000ms,true,true,memmap_slice_capped_trials_20_units_5,None
230719,RRRR,SPK,ses230719-units-probe0-spk-RRRR.npy,"(136, 288, 6000)","trial, unit, time",136,288,6000,valid_timebase_6000ms,true,true,memmap_slice_capped_trials_20_units_5,None
230719,RRRX,SPK,ses230719-units-probe0-spk-RRRX.npy,"(90, 288, 6000)","trial, unit, time",90,288,6000,valid_timebase_6000ms,true,true,memmap_slice_capped_trials_20_units_5,None
230719,RRXR,SPK,ses230719-units-probe0-spk-RRXR.npy,"(17, 288, 6000)","trial, unit, time",17,288,6000,valid_timebase_6000ms,true,true,memmap_slice_capped_trials_20_units_5,None
230719,RXRR,SPK,ses230719-units-probe0-spk-RXRR.npy,"(57, 288, 6000)","trial, unit, time",57,288,6000,valid_timebase_6000ms,true,true,memmap_slice_capped_trials_20_units_5,None
230719,AAAB,SPK,ses230719-units-probe2-spk-AAAB.npy,"(238, 127, 6000)","trial, unit, time",238,127,6000,valid_timebase_6000ms,true,true,memmap_slice_capped_trials_20_units_5,None
230719,AAAX,SPK,ses230719-units-probe2-spk-AAAX.npy,"(31, 127, 6000)","trial, unit, time",31,127,6000,valid_timebase_6000ms,true,true,memmap_slice_capped_trials_20_units_5,None
230719,AAXB,SPK,ses230719-units-probe2-spk-AAXB.npy,"(35, 127, 6000)","trial, unit, time",35,127,6000,valid_timebase_6000ms,true,true,memmap_slice_capped_trials_20_units_5,None
230719,AXAB,SPK,ses230719-units-probe2-spk-AXAB.npy,"(26, 127, 6000)","trial, unit, time",26,127,6000,valid_timebase_6000ms,true,true,memmap_slice_capped_trials_20_units_5,None
230719,BBBA,SPK,ses230719-units-probe2-spk-BBBA.npy,"(232, 127, 6000)","trial, unit, time",232,127,6000,valid_timebase_6000ms,true,true,memmap_slice_capped_trials_20_units_5,None
230719,BBBX,SPK,ses230719-units-probe2-spk-BBBX.npy,"(35, 127, 6000)","trial, unit, time",35,127,6000,valid_timebase_6000ms,true,true,memmap_slice_capped_trials_20_units_5,None
230719,BBXA,SPK,ses230719-units-probe2-spk-BBXA.npy,"(30, 127, 6000)","trial, unit, time",30,127,6000,valid_timebase_6000ms,true,true,memmap_slice_capped_trials_20_units_5,None
230719,BXBA,SPK,ses230719-units-probe2-spk-BXBA.npy,"(33, 127, 6000)","trial, unit, time",33,127,6000,valid_timebase_6000ms,true,true,memmap_slice_capped_trials_20_units_5,None
230719,RRRR,SPK,ses230719-units-probe2-spk-RRRR.npy,"(136, 127, 6000)","trial, unit, time",136,127,6000,valid_timebase_6000ms,true,true,memmap_slice_capped_trials_20_units_5,None
230719,RRRX,SPK,ses230719-units-probe2-spk-RRRX.npy,"(90, 127, 6000)","trial, unit, time",90,127,6000,valid_timebase_6000ms,true,true,memmap_slice_capped_trials_20_units_5,None
230719,RRXR,SPK,ses230719-units-probe2-spk-RRXR.npy,"(17, 127, 6000)","trial, unit, time",17,127,6000,valid_timebase_6000ms,true,true,memmap_slice_capped_trials_20_units_5,None
230719,RXRR,SPK,ses230719-units-probe2-spk-RXRR.npy,"(57, 127, 6000)","trial, unit, time",57,127,6000,valid_timebase_6000ms,true,true,memmap_slice_capped_trials_20_units_5,None
230720,AAAB,SPK,ses230720-units-probe0-spk-AAAB.npy,"(240, 181, 6000)","trial, unit, time",240,181,6000,valid_timebase_6000ms,true,true,memmap_slice_capped_trials_20_units_5,None
230720,AAAX,SPK,ses230720-units-probe0-spk-AAAX.npy,"(30, 181, 6000)","trial, unit, time",30,181,6000,valid_timebase_6000ms,true,true,memmap_slice_capped_trials_20_units_5,None
230720,AAXB,SPK,ses230720-units-probe0-spk-AAXB.npy,"(30, 181, 6000)","trial, unit, time",30,181,6000,valid_timebase_6000ms,true,true,memmap_slice_capped_trials_20_units_5,None
230720,AXAB,SPK,ses230720-units-probe0-spk-AXAB.npy,"(30, 181, 6000)","trial, unit, time",30,181,6000,valid_timebase_6000ms,true,true,memmap_slice_capped_trials_20_units_5,None
230720,BBBA,SPK,ses230720-units-probe0-spk-BBBA.npy,"(225, 181, 6000)","trial, unit, time",225,181,6000,valid_timebase_6000ms,true,true,memmap_slice_capped_trials_20_units_5,None
230720,BBBX,SPK,ses230720-units-probe0-spk-BBBX.npy,"(32, 181, 6000)","trial, unit, time",32,181,6000,valid_timebase_6000ms,true,true,memmap_slice_capped_trials_20_units_5,None
230720,BBXA,SPK,ses230720-units-probe0-spk-BBXA.npy,"(39, 181, 6000)","trial, unit, time",39,181,6000,valid_timebase_6000ms,true,true,memmap_slice_capped_trials_20_units_5,None
230720,BXBA,SPK,ses230720-units-probe0-spk-BXBA.npy,"(34, 181, 6000)","trial, unit, time",34,181,6000,valid_timebase_6000ms,true,true,memmap_slice_capped_trials_20_units_5,None
230720,RRRR,SPK,ses230720-units-probe0-spk-RRRR.npy,"(139, 181, 6000)","trial, unit, time",139,181,6000,valid_timebase_6000ms,true,true,memmap_slice_capped_trials_20_units_5,None
230720,RRRX,SPK,ses230720-units-probe0-spk-RRRX.npy,"(87, 181, 6000)","trial, unit, time",87,181,6000,valid_timebase_6000ms,true,true,memmap_slice_capped_trials_20_units_5,None
230720,RRXR,SPK,ses230720-units-probe0-spk-RRXR.npy,"(38, 181, 6000)","trial, unit, time",38,181,6000,valid_timebase_6000ms,true,true,memmap_slice_capped_trials_20_units_5,None
230720,RXRR,SPK,ses230720-units-probe0-spk-RXRR.npy,"(36, 181, 6000)","trial, unit, time",36,181,6000,valid_timebase_6000ms,true,true,memmap_slice_capped_trials_20_units_5,None
230720,AAAB,SPK,ses230720-units-probe1-spk-AAAB.npy,"(240, 136, 6000)","trial, unit, time",240,136,6000,valid_timebase_6000ms,true,true,memmap_slice_capped_trials_20_units_5,None
230720,AAAX,SPK,ses230720-units-probe1-spk-AAAX.npy,"(30, 136, 6000)","trial, unit, time",30,136,6000,valid_timebase_6000ms,true,true,memmap_slice_capped_trials_20_units_5,None
230720,AAXB,SPK,ses230720-units-probe1-spk-AAXB.npy,"(30, 136, 6000)","trial, unit, time",30,136,6000,valid_timebase_6000ms,true,true,memmap_slice_capped_trials_20_units_5,None
230720,AXAB,SPK,ses230720-units-probe1-spk-AXAB.npy,"(30, 136, 6000)","trial, unit, time",30,136,6000,valid_timebase_6000ms,true,true,memmap_slice_capped_trials_20_units_5,None
230720,BBBA,SPK,ses230720-units-probe1-spk-BBBA.npy,"(225, 136, 6000)","trial, unit, time",225,136,6000,valid_timebase_6000ms,true,true,memmap_slice_capped_trials_20_units_5,None
230720,BBBX,SPK,ses230720-units-probe1-spk-BBBX.npy,"(32, 136, 6000)","trial, unit, time",32,136,6000,valid_timebase_6000ms,true,true,memmap_slice_capped_trials_20_units_5,None
230720,BBXA,SPK,ses230720-units-probe1-spk-BBXA.npy,"(39, 136, 6000)","trial, unit, time",39,136,6000,valid_timebase_6000ms,true,true,memmap_slice_capped_trials_20_units_5,None
230720,BXBA,SPK,ses230720-units-probe1-spk-BXBA.npy,"(34, 136, 6000)","trial, unit, time",34,136,6000,valid_timebase_6000ms,true,true,memmap_slice_capped_trials_20_units_5,None
230720,RRRR,SPK,ses230720-units-probe1-spk-RRRR.npy,"(139, 136, 6000)","trial, unit, time",139,136,6000,valid_timebase_6000ms,true,true,memmap_slice_capped_trials_20_units_5,None
230720,RRRX,SPK,ses230720-units-probe1-spk-RRRX.npy,"(87, 136, 6000)","trial, unit, time",87,136,6000,valid_timebase_6000ms,true,true,memmap_slice_capped_trials_20_units_5,None
230720,RRXR,SPK,ses230720-units-probe1-spk-RRXR.npy,"(38, 136, 6000)","trial, unit, time",38,136,6000,valid_timebase_6000ms,true,true,memmap_slice_capped_trials_20_units_5,None
230720,RXRR,SPK,ses230720-units-probe1-spk-RXRR.npy,"(36, 136, 6000)","trial, unit, time",36,136,6000,valid_timebase_6000ms,true,true,memmap_slice_capped_trials_20_units_5,None
230721,AAAB,SPK,ses230721-units-probe0-spk-AAAB.npy,"(238, 57, 6000)","trial, unit, time",238,57,6000,valid_timebase_6000ms,true,true,memmap_slice_capped_trials_20_units_5,None
230721,AAAX,SPK,ses230721-units-probe0-spk-AAAX.npy,"(33, 57, 6000)","trial, unit, time",33,57,6000,valid_timebase_6000ms,true,true,memmap_slice_capped_trials_20_units_5,None
230721,AAXB,SPK,ses230721-units-probe0-spk-AAXB.npy,"(32, 57, 6000)","trial, unit, time",32,57,6000,valid_timebase_6000ms,true,true,memmap_slice_capped_trials_20_units_5,None
230721,AXAB,SPK,ses230721-units-probe0-spk-AXAB.npy,"(27, 57, 6000)","trial, unit, time",27,57,6000,valid_timebase_6000ms,true,true,memmap_slice_capped_trials_20_units_5,None
230721,BBBA,SPK,ses230721-units-probe0-spk-BBBA.npy,"(231, 57, 6000)","trial, unit, time",231,57,6000,valid_timebase_6000ms,true,true,memmap_slice_capped_trials_20_units_5,None
230721,BBBX,SPK,ses230721-units-probe0-spk-BBBX.npy,"(33, 57, 6000)","trial, unit, time",33,57,6000,valid_timebase_6000ms,true,true,memmap_slice_capped_trials_20_units_5,None
230721,BBXA,SPK,ses230721-units-probe0-spk-BBXA.npy,"(34, 57, 6000)","trial, unit, time",34,57,6000,valid_timebase_6000ms,true,true,memmap_slice_capped_trials_20_units_5,None
230721,BXBA,SPK,ses230721-units-probe0-spk-BXBA.npy,"(32, 57, 6000)","trial, unit, time",32,57,6000,valid_timebase_6000ms,true,true,memmap_slice_capped_trials_20_units_5,None
230721,RRRR,SPK,ses230721-units-probe0-spk-RRRR.npy,"(140, 57, 6000)","trial, unit, time",140,57,6000,valid_timebase_6000ms,true,true,memmap_slice_capped_trials_20_units_5,None
230721,RRRX,SPK,ses230721-units-probe0-spk-RRRX.npy,"(74, 57, 6000)","trial, unit, time",74,57,6000,valid_timebase_6000ms,true,true,memmap_slice_capped_trials_20_units_5,None
230721,RRXR,SPK,ses230721-units-probe0-spk-RRXR.npy,"(24, 57, 6000)","trial, unit, time",24,57,6000,valid_timebase_6000ms,true,true,memmap_slice_capped_trials_20_units_5,None
230721,RXRR,SPK,ses230721-units-probe0-spk-RXRR.npy,"(62, 57, 6000)","trial, unit, time",62,57,6000,valid_timebase_6000ms,true,true,memmap_slice_capped_trials_20_units_5,None
230721,AAAB,SPK,ses230721-units-probe1-spk-AAAB.npy,"(238, 220, 6000)","trial, unit, time",238,220,6000,valid_timebase_6000ms,true,true,memmap_slice_capped_trials_20_units_5,None
230721,AAAX,SPK,ses230721-units-probe1-spk-AAAX.npy,"(33, 220, 6000)","trial, unit, time",33,220,6000,valid_timebase_6000ms,true,true,memmap_slice_capped_trials_20_units_5,None
230721,AAXB,SPK,ses230721-units-probe1-spk-AAXB.npy,"(32, 220, 6000)","trial, unit, time",32,220,6000,valid_timebase_6000ms,true,true,memmap_slice_capped_trials_20_units_5,None
230721,AXAB,SPK,ses230721-units-probe1-spk-AXAB.npy,"(27, 220, 6000)","trial, unit, time",27,220,6000,valid_timebase_6000ms,true,true,memmap_slice_capped_trials_20_units_5,None
230721,BBBA,SPK,ses230721-units-probe1-spk-BBBA.npy,"(231, 220, 6000)","trial, unit, time",231,220,6000,valid_timebase_6000ms,true,true,memmap_slice_capped_trials_20_units_5,None
230721,BBBX,SPK,ses230721-units-probe1-spk-BBBX.npy,"(33, 220, 6000)","trial, unit, time",33,220,6000,valid_timebase_6000ms,true,true,memmap_slice_capped_trials_20_units_5,None
230721,BBXA,SPK,ses230721-units-probe1-spk-BBXA.npy,"(34, 220, 6000)","trial, unit, time",34,220,6000,valid_timebase_6000ms,true,true,memmap_slice_capped_trials_20_units_5,None
230721,BXBA,SPK,ses230721-units-probe1-spk-BXBA.npy,"(32, 220, 6000)","trial, unit, time",32,220,6000,valid_timebase_6000ms,true,true,memmap_slice_capped_trials_20_units_5,None
230721,RRRR,SPK,ses230721-units-probe1-spk-RRRR.npy,"(140, 220, 6000)","trial, unit, time",140,220,6000,valid_timebase_6000ms,true,true,memmap_slice_capped_trials_20_units_5,None
230721,RRRX,SPK,ses230721-units-probe1-spk-RRRX.npy,"(74, 220, 6000)","trial, unit, time",74,220,6000,valid_timebase_6000ms,true,true,memmap_slice_capped_trials_20_units_5,None
230721,RRXR,SPK,ses230721-units-probe1-spk-RRXR.npy,"(24, 220, 6000)","trial, unit, time",24,220,6000,valid_timebase_6000ms,true,true,memmap_slice_capped_trials_20_units_5,None
230721,RXRR,SPK,ses230721-units-probe1-spk-RXRR.npy,"(62, 220, 6000)","trial, unit, time",62,220,6000,valid_timebase_6000ms,true,true,memmap_slice_capped_trials_20_units_5,None
230816,AAAB,SPK,ses230816-units-probe0-spk-AAAB.npy,"(370, 102, 6000)","trial, unit, time",370,102,6000,valid_timebase_6000ms,true,true,memmap_slice_capped_trials_20_units_5,None
230816,AAAX,SPK,ses230816-units-probe0-spk-AAAX.npy,"(36, 102, 6000)","trial, unit, time",36,102,6000,valid_timebase_6000ms,true,true,memmap_slice_capped_trials_20_units_5,None
230816,AAXB,SPK,ses230816-units-probe0-spk-AAXB.npy,"(44, 102, 6000)","trial, unit, time",44,102,6000,valid_timebase_6000ms,true,true,memmap_slice_capped_trials_20_units_5,None
230816,AXAB,SPK,ses230816-units-probe0-spk-AXAB.npy,"(59, 102, 6000)","trial, unit, time",59,102,6000,valid_timebase_6000ms,true,true,memmap_slice_capped_trials_20_units_5,None
230816,BBBA,SPK,ses230816-units-probe0-spk-BBBA.npy,"(348, 102, 6000)","trial, unit, time",348,102,6000,valid_timebase_6000ms,true,true,memmap_slice_capped_trials_20_units_5,None
230816,BBBX,SPK,ses230816-units-probe0-spk-BBBX.npy,"(44, 102, 6000)","trial, unit, time",44,102,6000,valid_timebase_6000ms,true,true,memmap_slice_capped_trials_20_units_5,None
230816,BBXA,SPK,ses230816-units-probe0-spk-BBXA.npy,"(51, 102, 6000)","trial, unit, time",51,102,6000,valid_timebase_6000ms,true,true,memmap_slice_capped_trials_20_units_5,None
230816,BXBA,SPK,ses230816-units-probe0-spk-BXBA.npy,"(62, 102, 6000)","trial, unit, time",62,102,6000,valid_timebase_6000ms,true,true,memmap_slice_capped_trials_20_units_5,None
230816,RRRR,SPK,ses230816-units-probe0-spk-RRRR.npy,"(157, 102, 6000)","trial, unit, time",157,102,6000,valid_timebase_6000ms,true,true,memmap_slice_capped_trials_20_units_5,None
230816,RRRX,SPK,ses230816-units-probe0-spk-RRRX.npy,"(131, 102, 6000)","trial, unit, time",131,102,6000,valid_timebase_6000ms,true,true,memmap_slice_capped_trials_20_units_5,None
230816,RRXR,SPK,ses230816-units-probe0-spk-RRXR.npy,"(43, 102, 6000)","trial, unit, time",43,102,6000,valid_timebase_6000ms,true,true,memmap_slice_capped_trials_20_units_5,None
230816,RXRR,SPK,ses230816-units-probe0-spk-RXRR.npy,"(87, 102, 6000)","trial, unit, time",87,102,6000,valid_timebase_6000ms,true,true,memmap_slice_capped_trials_20_units_5,None
230816,AAAB,SPK,ses230816-units-probe1-spk-AAAB.npy,"(370, 114, 6000)","trial, unit, time",370,114,6000,valid_timebase_6000ms,true,true,memmap_slice_capped_trials_20_units_5,None
230816,AAAX,SPK,ses230816-units-probe1-spk-AAAX.npy,"(36, 114, 6000)","trial, unit, time",36,114,6000,valid_timebase_6000ms,true,true,memmap_slice_capped_trials_20_units_5,None
230816,AAXB,SPK,ses230816-units-probe1-spk-AAXB.npy,"(44, 114, 6000)","trial, unit, time",44,114,6000,valid_timebase_6000ms,true,true,memmap_slice_capped_trials_20_units_5,None
230816,AXAB,SPK,ses230816-units-probe1-spk-AXAB.npy,"(59, 114, 6000)","trial, unit, time",59,114,6000,valid_timebase_6000ms,true,true,memmap_slice_capped_trials_20_units_5,None
230816,BBBA,SPK,ses230816-units-probe1-spk-BBBA.npy,"(348, 114, 6000)","trial, unit, time",348,114,6000,valid_timebase_6000ms,true,true,memmap_slice_capped_trials_20_units_5,None
230816,BBBX,SPK,ses230816-units-probe1-spk-BBBX.npy,"(44, 114, 6000)","trial, unit, time",44,114,6000,valid_timebase_6000ms,true,true,memmap_slice_capped_trials_20_units_5,None
230816,BBXA,SPK,ses230816-units-probe1-spk-BBXA.npy,"(51, 114, 6000)","trial, unit, time",51,114,6000,valid_timebase_6000ms,true,true,memmap_slice_capped_trials_20_units_5,None
230816,BXBA,SPK,ses230816-units-probe1-spk-BXBA.npy,"(62, 114, 6000)","trial, unit, time",62,114,6000,valid_timebase_6000ms,true,true,memmap_slice_capped_trials_20_units_5,None
230816,RRRR,SPK,ses230816-units-probe1-spk-RRRR.npy,"(157, 114, 6000)","trial, unit, time",157,114,6000,valid_timebase_6000ms,true,true,memmap_slice_capped_trials_20_units_5,None
230816,RRRX,SPK,ses230816-units-probe1-spk-RRRX.npy,"(131, 114, 6000)","trial, unit, time",131,114,6000,valid_timebase_6000ms,true,true,memmap_slice_capped_trials_20_units_5,None
230816,RRXR,SPK,ses230816-units-probe1-spk-RRXR.npy,"(43, 114, 6000)","trial, unit, time",43,114,6000,valid_timebase_6000ms,true,true,memmap_slice_capped_trials_20_units_5,None
230816,RXRR,SPK,ses230816-units-probe1-spk-RXRR.npy,"(87, 114, 6000)","trial, unit, time",87,114,6000,valid_timebase_6000ms,true,true,memmap_slice_capped_trials_20_units_5,None
230816,AAAB,SPK,ses230816-units-probe2-spk-AAAB.npy,"(370, 141, 6000)","trial, unit, time",370,141,6000,valid_timebase_6000ms,true,true,memmap_slice_capped_trials_20_units_5,None
230816,AAAX,SPK,ses230816-units-probe2-spk-AAAX.npy,"(36, 141, 6000)","trial, unit, time",36,141,6000,valid_timebase_6000ms,true,true,memmap_slice_capped_trials_20_units_5,None
230816,AAXB,SPK,ses230816-units-probe2-spk-AAXB.npy,"(44, 141, 6000)","trial, unit, time",44,141,6000,valid_timebase_6000ms,true,true,memmap_slice_capped_trials_20_units_5,None
230816,AXAB,SPK,ses230816-units-probe2-spk-AXAB.npy,"(59, 141, 6000)","trial, unit, time",59,141,6000,valid_timebase_6000ms,true,true,memmap_slice_capped_trials_20_units_5,None
230816,BBBA,SPK,ses230816-units-probe2-spk-BBBA.npy,"(348, 141, 6000)","trial, unit, time",348,141,6000,valid_timebase_6000ms,true,true,memmap_slice_capped_trials_20_units_5,None
230816,BBBX,SPK,ses230816-units-probe2-spk-BBBX.npy,"(44, 141, 6000)","trial, unit, time",44,141,6000,valid_timebase_6000ms,true,true,memmap_slice_capped_trials_20_units_5,None
230816,BBXA,SPK,ses230816-units-probe2-spk-BBXA.npy,"(51, 141, 6000)","trial, unit, time",51,141,6000,valid_timebase_6000ms,true,true,memmap_slice_capped_trials_20_units_5,None
230816,BXBA,SPK,ses230816-units-probe2-spk-BXBA.npy,"(62, 141, 6000)","trial, unit, time",62,141,6000,valid_timebase_6000ms,true,true,memmap_slice_capped_trials_20_units_5,None
230816,RRRR,SPK,ses230816-units-probe2-spk-RRRR.npy,"(157, 141, 6000)","trial, unit, time",157,141,6000,valid_timebase_6000ms,true,true,memmap_slice_capped_trials_20_units_5,None
230816,RRRX,SPK,ses230816-units-probe2-spk-RRRX.npy,"(131, 141, 6000)","trial, unit, time",131,141,6000,valid_timebase_6000ms,true,true,memmap_slice_capped_trials_20_units_5,None
230816,RRXR,SPK,ses230816-units-probe2-spk-RRXR.npy,"(43, 141, 6000)","trial, unit, time",43,141,6000,valid_timebase_6000ms,true,true,memmap_slice_capped_trials_20_units_5,None
230816,RXRR,SPK,ses230816-units-probe2-spk-RXRR.npy,"(87, 141, 6000)","trial, unit, time",87,141,6000,valid_timebase_6000ms,true,true,memmap_slice_capped_trials_20_units_5,None
230818,AAAB,SPK,ses230818-units-probe0-spk-AAAB.npy,"(220, 192, 6000)","trial, unit, time",220,192,6000,valid_timebase_6000ms,true,true,memmap_slice_capped_trials_20_units_5,None
230818,AAAX,SPK,ses230818-units-probe0-spk-AAAX.npy,"(45, 192, 6000)","trial, unit, time",45,192,6000,valid_timebase_6000ms,true,true,memmap_slice_capped_trials_20_units_5,None
230818,AAXB,SPK,ses230818-units-probe0-spk-AAXB.npy,"(25, 192, 6000)","trial, unit, time",25,192,6000,valid_timebase_6000ms,true,true,memmap_slice_capped_trials_20_units_5,None
230818,AXAB,SPK,ses230818-units-probe0-spk-AXAB.npy,"(40, 192, 6000)","trial, unit, time",40,192,6000,valid_timebase_6000ms,true,true,memmap_slice_capped_trials_20_units_5,None
230818,BBBA,SPK,ses230818-units-probe0-spk-BBBA.npy,"(235, 192, 6000)","trial, unit, time",235,192,6000,valid_timebase_6000ms,true,true,memmap_slice_capped_trials_20_units_5,None
230818,BBBX,SPK,ses230818-units-probe0-spk-BBBX.npy,"(30, 192, 6000)","trial, unit, time",30,192,6000,valid_timebase_6000ms,true,true,memmap_slice_capped_trials_20_units_5,None
230818,BBXA,SPK,ses230818-units-probe0-spk-BBXA.npy,"(29, 192, 6000)","trial, unit, time",29,192,6000,valid_timebase_6000ms,true,true,memmap_slice_capped_trials_20_units_5,None
230818,BXBA,SPK,ses230818-units-probe0-spk-BXBA.npy,"(36, 192, 6000)","trial, unit, time",36,192,6000,valid_timebase_6000ms,true,true,memmap_slice_capped_trials_20_units_5,None
230818,RRRR,SPK,ses230818-units-probe0-spk-RRRR.npy,"(104, 192, 6000)","trial, unit, time",104,192,6000,valid_timebase_6000ms,true,true,memmap_slice_capped_trials_20_units_5,None
230818,RRRX,SPK,ses230818-units-probe0-spk-RRRX.npy,"(104, 192, 6000)","trial, unit, time",104,192,6000,valid_timebase_6000ms,true,true,memmap_slice_capped_trials_20_units_5,None
230818,RRXR,SPK,ses230818-units-probe0-spk-RRXR.npy,"(28, 192, 6000)","trial, unit, time",28,192,6000,valid_timebase_6000ms,true,true,memmap_slice_capped_trials_20_units_5,None
230818,RXRR,SPK,ses230818-units-probe0-spk-RXRR.npy,"(64, 192, 6000)","trial, unit, time",64,192,6000,valid_timebase_6000ms,true,true,memmap_slice_capped_trials_20_units_5,None
230818,AAAB,SPK,ses230818-units-probe1-spk-AAAB.npy,"(220, 170, 6000)","trial, unit, time",220,170,6000,valid_timebase_6000ms,true,true,memmap_slice_capped_trials_20_units_5,None
230818,AAAX,SPK,ses230818-units-probe1-spk-AAAX.npy,"(45, 170, 6000)","trial, unit, time",45,170,6000,valid_timebase_6000ms,true,true,memmap_slice_capped_trials_20_units_5,None
230818,AAXB,SPK,ses230818-units-probe1-spk-AAXB.npy,"(25, 170, 6000)","trial, unit, time",25,170,6000,valid_timebase_6000ms,true,true,memmap_slice_capped_trials_20_units_5,None
230818,AXAB,SPK,ses230818-units-probe1-spk-AXAB.npy,"(40, 170, 6000)","trial, unit, time",40,170,6000,valid_timebase_6000ms,true,true,memmap_slice_capped_trials_20_units_5,None
230818,BBBA,SPK,ses230818-units-probe1-spk-BBBA.npy,"(235, 170, 6000)","trial, unit, time",235,170,6000,valid_timebase_6000ms,true,true,memmap_slice_capped_trials_20_units_5,None
230818,BBBX,SPK,ses230818-units-probe1-spk-BBBX.npy,"(30, 170, 6000)","trial, unit, time",30,170,6000,valid_timebase_6000ms,true,true,memmap_slice_capped_trials_20_units_5,None
230818,BBXA,SPK,ses230818-units-probe1-spk-BBXA.npy,"(29, 170, 6000)","trial, unit, time",29,170,6000,valid_timebase_6000ms,true,true,memmap_slice_capped_trials_20_units_5,None
230818,BXBA,SPK,ses230818-units-probe1-spk-BXBA.npy,"(36, 170, 6000)","trial, unit, time",36,170,6000,valid_timebase_6000ms,true,true,memmap_slice_capped_trials_20_units_5,None
230818,RRRR,SPK,ses230818-units-probe1-spk-RRRR.npy,"(104, 170, 6000)","trial, unit, time",104,170,6000,valid_timebase_6000ms,true,true,memmap_slice_capped_trials_20_units_5,None
230818,RRRX,SPK,ses230818-units-probe1-spk-RRRX.npy,"(104, 170, 6000)","trial, unit, time",104,170,6000,valid_timebase_6000ms,true,true,memmap_slice_capped_trials_20_units_5,None
230818,RRXR,SPK,ses230818-units-probe1-spk-RRXR.npy,"(28, 170, 6000)","trial, unit, time",28,170,6000,valid_timebase_6000ms,true,true,memmap_slice_capped_trials_20_units_5,None
230818,RXRR,SPK,ses230818-units-probe1-spk-RXRR.npy,"(64, 170, 6000)","trial, unit, time",64,170,6000,valid_timebase_6000ms,true,true,memmap_slice_capped_trials_20_units_5,None
230818,AAAB,SPK,ses230818-units-probe2-spk-AAAB.npy,"(220, 179, 6000)","trial, unit, time",220,179,6000,valid_timebase_6000ms,true,true,memmap_slice_capped_trials_20_units_5,None
230818,AAAX,SPK,ses230818-units-probe2-spk-AAAX.npy,"(45, 179, 6000)","trial, unit, time",45,179,6000,valid_timebase_6000ms,true,true,memmap_slice_capped_trials_20_units_5,None
230818,AAXB,SPK,ses230818-units-probe2-spk-AAXB.npy,"(25, 179, 6000)","trial, unit, time",25,179,6000,valid_timebase_6000ms,true,true,memmap_slice_capped_trials_20_units_5,None
230818,AXAB,SPK,ses230818-units-probe2-spk-AXAB.npy,"(40, 179, 6000)","trial, unit, time",40,179,6000,valid_timebase_6000ms,true,true,memmap_slice_capped_trials_20_units_5,None
230818,BBBA,SPK,ses230818-units-probe2-spk-BBBA.npy,"(235, 179, 6000)","trial, unit, time",235,179,6000,valid_timebase_6000ms,true,true,memmap_slice_capped_trials_20_units_5,None
230818,BBBX,SPK,ses230818-units-probe2-spk-BBBX.npy,"(30, 179, 6000)","trial, unit, time",30,179,6000,valid_timebase_6000ms,true,true,memmap_slice_capped_trials_20_units_5,None
230818,BBXA,SPK,ses230818-units-probe2-spk-BBXA.npy,"(29, 179, 6000)","trial, unit, time",29,179,6000,valid_timebase_6000ms,true,true,memmap_slice_capped_trials_20_units_5,None
230818,BXBA,SPK,ses230818-units-probe2-spk-BXBA.npy,"(36, 179, 6000)","trial, unit, time",36,179,6000,valid_timebase_6000ms,true,true,memmap_slice_capped_trials_20_units_5,None
230818,RRRR,SPK,ses230818-units-probe2-spk-RRRR.npy,"(104, 179, 6000)","trial, unit, time",104,179,6000,valid_timebase_6000ms,true,true,memmap_slice_capped_trials_20_units_5,None
230818,RRRX,SPK,ses230818-units-probe2-spk-RRRX.npy,"(104, 179, 6000)","trial, unit, time",104,179,6000,valid_timebase_6000ms,true,true,memmap_slice_capped_trials_20_units_5,None
230818,RRXR,SPK,ses230818-units-probe2-spk-RRXR.npy,"(28, 179, 6000)","trial, unit, time",28,179,6000,valid_timebase_6000ms,true,true,memmap_slice_capped_trials_20_units_5,None
230818,RXRR,SPK,ses230818-units-probe2-spk-RXRR.npy,"(64, 179, 6000)","trial, unit, time",64,179,6000,valid_timebase_6000ms,true,true,memmap_slice_capped_trials_20_units_5,None
230823,AAAB,SPK,ses230823-units-probe0-spk-AAAB.npy,"(219, 156, 6000)","trial, unit, time",219,156,6000,valid_timebase_6000ms,true,true,memmap_slice_capped_trials_20_units_5,None
230823,AAAX,SPK,ses230823-units-probe0-spk-AAAX.npy,"(28, 156, 6000)","trial, unit, time",28,156,6000,valid_timebase_6000ms,true,true,memmap_slice_capped_trials_20_units_5,None
230823,AAXB,SPK,ses230823-units-probe0-spk-AAXB.npy,"(42, 156, 6000)","trial, unit, time",42,156,6000,valid_timebase_6000ms,true,true,memmap_slice_capped_trials_20_units_5,None
230823,AXAB,SPK,ses230823-units-probe0-spk-AXAB.npy,"(41, 156, 6000)","trial, unit, time",41,156,6000,valid_timebase_6000ms,true,true,memmap_slice_capped_trials_20_units_5,None
230823,BBBA,SPK,ses230823-units-probe0-spk-BBBA.npy,"(227, 156, 6000)","trial, unit, time",227,156,6000,valid_timebase_6000ms,true,true,memmap_slice_capped_trials_20_units_5,None
230823,BBBX,SPK,ses230823-units-probe0-spk-BBBX.npy,"(30, 156, 6000)","trial, unit, time",30,156,6000,valid_timebase_6000ms,true,true,memmap_slice_capped_trials_20_units_5,None
230823,BBXA,SPK,ses230823-units-probe0-spk-BBXA.npy,"(42, 156, 6000)","trial, unit, time",42,156,6000,valid_timebase_6000ms,true,true,memmap_slice_capped_trials_20_units_5,None
230823,BXBA,SPK,ses230823-units-probe0-spk-BXBA.npy,"(31, 156, 6000)","trial, unit, time",31,156,6000,valid_timebase_6000ms,true,true,memmap_slice_capped_trials_20_units_5,None
230823,RRRR,SPK,ses230823-units-probe0-spk-RRRR.npy,"(111, 156, 6000)","trial, unit, time",111,156,6000,valid_timebase_6000ms,true,true,memmap_slice_capped_trials_20_units_5,None
230823,RRRX,SPK,ses230823-units-probe0-spk-RRRX.npy,"(91, 156, 6000)","trial, unit, time",91,156,6000,valid_timebase_6000ms,true,true,memmap_slice_capped_trials_20_units_5,None
230823,RRXR,SPK,ses230823-units-probe0-spk-RRXR.npy,"(43, 156, 6000)","trial, unit, time",43,156,6000,valid_timebase_6000ms,true,true,memmap_slice_capped_trials_20_units_5,None
230823,RXRR,SPK,ses230823-units-probe0-spk-RXRR.npy,"(55, 156, 6000)","trial, unit, time",55,156,6000,valid_timebase_6000ms,true,true,memmap_slice_capped_trials_20_units_5,None
230823,AAAB,SPK,ses230823-units-probe1-spk-AAAB.npy,"(219, 19, 6000)","trial, unit, time",219,19,6000,valid_timebase_6000ms,true,true,memmap_slice_capped_trials_20_units_5,None
230823,AAAX,SPK,ses230823-units-probe1-spk-AAAX.npy,"(28, 19, 6000)","trial, unit, time",28,19,6000,valid_timebase_6000ms,true,true,memmap_slice_capped_trials_20_units_5,None
230823,AAXB,SPK,ses230823-units-probe1-spk-AAXB.npy,"(42, 19, 6000)","trial, unit, time",42,19,6000,valid_timebase_6000ms,true,true,memmap_slice_capped_trials_20_units_5,None
230823,AXAB,SPK,ses230823-units-probe1-spk-AXAB.npy,"(41, 19, 6000)","trial, unit, time",41,19,6000,valid_timebase_6000ms,true,true,memmap_slice_capped_trials_20_units_5,None
230823,BBBA,SPK,ses230823-units-probe1-spk-BBBA.npy,"(227, 19, 6000)","trial, unit, time",227,19,6000,valid_timebase_6000ms,true,true,memmap_slice_capped_trials_20_units_5,None
230823,BBBX,SPK,ses230823-units-probe1-spk-BBBX.npy,"(30, 19, 6000)","trial, unit, time",30,19,6000,valid_timebase_6000ms,true,true,memmap_slice_capped_trials_20_units_5,None
230823,BBXA,SPK,ses230823-units-probe1-spk-BBXA.npy,"(42, 19, 6000)","trial, unit, time",42,19,6000,valid_timebase_6000ms,true,true,memmap_slice_capped_trials_20_units_5,None
230823,BXBA,SPK,ses230823-units-probe1-spk-BXBA.npy,"(31, 19, 6000)","trial, unit, time",31,19,6000,valid_timebase_6000ms,true,true,memmap_slice_capped_trials_20_units_5,None
230823,RRRR,SPK,ses230823-units-probe1-spk-RRRR.npy,"(111, 19, 6000)","trial, unit, time",111,19,6000,valid_timebase_6000ms,true,true,memmap_slice_capped_trials_20_units_5,None
230823,RRRX,SPK,ses230823-units-probe1-spk-RRRX.npy,"(91, 19, 6000)","trial, unit, time",91,19,6000,valid_timebase_6000ms,true,true,memmap_slice_capped_trials_20_units_5,None
230823,RRXR,SPK,ses230823-units-probe1-spk-RRXR.npy,"(43, 19, 6000)","trial, unit, time",43,19,6000,valid_timebase_6000ms,true,true,memmap_slice_capped_trials_20_units_5,None
230823,RXRR,SPK,ses230823-units-probe1-spk-RXRR.npy,"(55, 19, 6000)","trial, unit, time",55,19,6000,valid_timebase_6000ms,true,true,memmap_slice_capped_trials_20_units_5,None
230823,AAAB,SPK,ses230823-units-probe2-spk-AAAB.npy,"(219, 193, 6000)","trial, unit, time",219,193,6000,valid_timebase_6000ms,true,true,memmap_slice_capped_trials_20_units_5,None
230823,AAAX,SPK,ses230823-units-probe2-spk-AAAX.npy,"(28, 193, 6000)","trial, unit, time",28,193,6000,valid_timebase_6000ms,true,true,memmap_slice_capped_trials_20_units_5,None
230823,AAXB,SPK,ses230823-units-probe2-spk-AAXB.npy,"(42, 193, 6000)","trial, unit, time",42,193,6000,valid_timebase_6000ms,true,true,memmap_slice_capped_trials_20_units_5,None
230823,AXAB,SPK,ses230823-units-probe2-spk-AXAB.npy,"(41, 193, 6000)","trial, unit, time",41,193,6000,valid_timebase_6000ms,true,true,memmap_slice_capped_trials_20_units_5,None
230823,BBBA,SPK,ses230823-units-probe2-spk-BBBA.npy,"(227, 193, 6000)","trial, unit, time",227,193,6000,valid_timebase_6000ms,true,true,memmap_slice_capped_trials_20_units_5,None
230823,BBBX,SPK,ses230823-units-probe2-spk-BBBX.npy,"(30, 193, 6000)","trial, unit, time",30,193,6000,valid_timebase_6000ms,true,true,memmap_slice_capped_trials_20_units_5,None
230823,BBXA,SPK,ses230823-units-probe2-spk-BBXA.npy,"(42, 193, 6000)","trial, unit, time",42,193,6000,valid_timebase_6000ms,true,true,memmap_slice_capped_trials_20_units_5,None
230823,BXBA,SPK,ses230823-units-probe2-spk-BXBA.npy,"(31, 193, 6000)","trial, unit, time",31,193,6000,valid_timebase_6000ms,true,true,memmap_slice_capped_trials_20_units_5,None
230823,RRRR,SPK,ses230823-units-probe2-spk-RRRR.npy,"(111, 193, 6000)","trial, unit, time",111,193,6000,valid_timebase_6000ms,true,true,memmap_slice_capped_trials_20_units_5,None
230823,RRRX,SPK,ses230823-units-probe2-spk-RRRX.npy,"(91, 193, 6000)","trial, unit, time",91,193,6000,valid_timebase_6000ms,true,true,memmap_slice_capped_trials_20_units_5,None
230823,RRXR,SPK,ses230823-units-probe2-spk-RRXR.npy,"(43, 193, 6000)","trial, unit, time",43,193,6000,valid_timebase_6000ms,true,true,memmap_slice_capped_trials_20_units_5,None
230823,RXRR,SPK,ses230823-units-probe2-spk-RXRR.npy,"(55, 193, 6000)","trial, unit, time",55,193,6000,valid_timebase_6000ms,true,true,memmap_slice_capped_trials_20_units_5,None
230825,AAAB,SPK,ses230825-units-probe0-spk-AAAB.npy,"(238, 173, 6000)","trial, unit, time",238,173,6000,valid_timebase_6000ms,true,true,memmap_slice_capped_trials_20_units_5,None
230825,AAAX,SPK,ses230825-units-probe0-spk-AAAX.npy,"(23, 173, 6000)","trial, unit, time",23,173,6000,valid_timebase_6000ms,true,true,memmap_slice_capped_trials_20_units_5,None
230825,AAXB,SPK,ses230825-units-probe0-spk-AAXB.npy,"(35, 173, 6000)","trial, unit, time",35,173,6000,valid_timebase_6000ms,true,true,memmap_slice_capped_trials_20_units_5,None
230825,AXAB,SPK,ses230825-units-probe0-spk-AXAB.npy,"(34, 173, 6000)","trial, unit, time",34,173,6000,valid_timebase_6000ms,true,true,memmap_slice_capped_trials_20_units_5,None
230825,BBBA,SPK,ses230825-units-probe0-spk-BBBA.npy,"(218, 173, 6000)","trial, unit, time",218,173,6000,valid_timebase_6000ms,true,true,memmap_slice_capped_trials_20_units_5,None
230825,BBBX,SPK,ses230825-units-probe0-spk-BBBX.npy,"(34, 173, 6000)","trial, unit, time",34,173,6000,valid_timebase_6000ms,true,true,memmap_slice_capped_trials_20_units_5,None
230825,BBXA,SPK,ses230825-units-probe0-spk-BBXA.npy,"(34, 173, 6000)","trial, unit, time",34,173,6000,valid_timebase_6000ms,true,true,memmap_slice_capped_trials_20_units_5,None
230825,BXBA,SPK,ses230825-units-probe0-spk-BXBA.npy,"(44, 173, 6000)","trial, unit, time",44,173,6000,valid_timebase_6000ms,true,true,memmap_slice_capped_trials_20_units_5,None
230825,RRRR,SPK,ses230825-units-probe0-spk-RRRR.npy,"(109, 173, 6000)","trial, unit, time",109,173,6000,valid_timebase_6000ms,true,true,memmap_slice_capped_trials_20_units_5,None
230825,RRRX,SPK,ses230825-units-probe0-spk-RRRX.npy,"(92, 173, 6000)","trial, unit, time",92,173,6000,valid_timebase_6000ms,true,true,memmap_slice_capped_trials_20_units_5,None
230825,RRXR,SPK,ses230825-units-probe0-spk-RRXR.npy,"(27, 173, 6000)","trial, unit, time",27,173,6000,valid_timebase_6000ms,true,true,memmap_slice_capped_trials_20_units_5,None
230825,RXRR,SPK,ses230825-units-probe0-spk-RXRR.npy,"(72, 173, 6000)","trial, unit, time",72,173,6000,valid_timebase_6000ms,true,true,memmap_slice_capped_trials_20_units_5,None
230825,AAAB,SPK,ses230825-units-probe1-spk-AAAB.npy,"(238, 162, 6000)","trial, unit, time",238,162,6000,valid_timebase_6000ms,true,true,memmap_slice_capped_trials_20_units_5,None
230825,AAAX,SPK,ses230825-units-probe1-spk-AAAX.npy,"(23, 162, 6000)","trial, unit, time",23,162,6000,valid_timebase_6000ms,true,true,memmap_slice_capped_trials_20_units_5,None
230825,AAXB,SPK,ses230825-units-probe1-spk-AAXB.npy,"(35, 162, 6000)","trial, unit, time",35,162,6000,valid_timebase_6000ms,true,true,memmap_slice_capped_trials_20_units_5,None
230825,AXAB,SPK,ses230825-units-probe1-spk-AXAB.npy,"(34, 162, 6000)","trial, unit, time",34,162,6000,valid_timebase_6000ms,true,true,memmap_slice_capped_trials_20_units_5,None
230825,BBBA,SPK,ses230825-units-probe1-spk-BBBA.npy,"(218, 162, 6000)","trial, unit, time",218,162,6000,valid_timebase_6000ms,true,true,memmap_slice_capped_trials_20_units_5,None
230825,BBBX,SPK,ses230825-units-probe1-spk-BBBX.npy,"(34, 162, 6000)","trial, unit, time",34,162,6000,valid_timebase_6000ms,true,true,memmap_slice_capped_trials_20_units_5,None
230825,BBXA,SPK,ses230825-units-probe1-spk-BBXA.npy,"(34, 162, 6000)","trial, unit, time",34,162,6000,valid_timebase_6000ms,true,true,memmap_slice_capped_trials_20_units_5,None
230825,BXBA,SPK,ses230825-units-probe1-spk-BXBA.npy,"(44, 162, 6000)","trial, unit, time",44,162,6000,valid_timebase_6000ms,true,true,memmap_slice_capped_trials_20_units_5,None
230825,RRRR,SPK,ses230825-units-probe1-spk-RRRR.npy,"(109, 162, 6000)","trial, unit, time",109,162,6000,valid_timebase_6000ms,true,true,memmap_slice_capped_trials_20_units_5,None
230825,RRRX,SPK,ses230825-units-probe1-spk-RRRX.npy,"(92, 162, 6000)","trial, unit, time",92,162,6000,valid_timebase_6000ms,true,true,memmap_slice_capped_trials_20_units_5,None
230825,RRXR,SPK,ses230825-units-probe1-spk-RRXR.npy,"(27, 162, 6000)","trial, unit, time",27,162,6000,valid_timebase_6000ms,true,true,memmap_slice_capped_trials_20_units_5,None
230825,RXRR,SPK,ses230825-units-probe1-spk-RXRR.npy,"(72, 162, 6000)","trial, unit, time",72,162,6000,valid_timebase_6000ms,true,true,memmap_slice_capped_trials_20_units_5,None
230825,AAAB,SPK,ses230825-units-probe2-spk-AAAB.npy,"(238, 156, 6000)","trial, unit, time",238,156,6000,valid_timebase_6000ms,true,true,memmap_slice_capped_trials_20_units_5,None
230825,AAAX,SPK,ses230825-units-probe2-spk-AAAX.npy,"(23, 156, 6000)","trial, unit, time",23,156,6000,valid_timebase_6000ms,true,true,memmap_slice_capped_trials_20_units_5,None
230825,AAXB,SPK,ses230825-units-probe2-spk-AAXB.npy,"(35, 156, 6000)","trial, unit, time",35,156,6000,valid_timebase_6000ms,true,true,memmap_slice_capped_trials_20_units_5,None
230825,AXAB,SPK,ses230825-units-probe2-spk-AXAB.npy,"(34, 156, 6000)","trial, unit, time",34,156,6000,valid_timebase_6000ms,true,true,memmap_slice_capped_trials_20_units_5,None
230825,BBBA,SPK,ses230825-units-probe2-spk-BBBA.npy,"(218, 156, 6000)","trial, unit, time",218,156,6000,valid_timebase_6000ms,true,true,memmap_slice_capped_trials_20_units_5,None
230825,BBBX,SPK,ses230825-units-probe2-spk-BBBX.npy,"(34, 156, 6000)","trial, unit, time",34,156,6000,valid_timebase_6000ms,true,true,memmap_slice_capped_trials_20_units_5,None
230825,BBXA,SPK,ses230825-units-probe2-spk-BBXA.npy,"(34, 156, 6000)","trial, unit, time",34,156,6000,valid_timebase_6000ms,true,true,memmap_slice_capped_trials_20_units_5,None
230825,BXBA,SPK,ses230825-units-probe2-spk-BXBA.npy,"(44, 156, 6000)","trial, unit, time",44,156,6000,valid_timebase_6000ms,true,true,memmap_slice_capped_trials_20_units_5,None
230825,RRRR,SPK,ses230825-units-probe2-spk-RRRR.npy,"(109, 156, 6000)","trial, unit, time",109,156,6000,valid_timebase_6000ms,true,true,memmap_slice_capped_trials_20_units_5,None
230825,RRRX,SPK,ses230825-units-probe2-spk-RRRX.npy,"(92, 156, 6000)","trial, unit, time",92,156,6000,valid_timebase_6000ms,true,true,memmap_slice_capped_trials_20_units_5,None
230825,RRXR,SPK,ses230825-units-probe2-spk-RRXR.npy,"(27, 156, 6000)","trial, unit, time",27,156,6000,valid_timebase_6000ms,true,true,memmap_slice_capped_trials_20_units_5,None
230825,RXRR,SPK,ses230825-units-probe2-spk-RXRR.npy,"(72, 156, 6000)","trial, unit, time",72,156,6000,valid_timebase_6000ms,true,true,memmap_slice_capped_trials_20_units_5,None
230830,AAAB,SPK,ses230830-units-probe0-spk-AAAB.npy,"(224, 136, 6000)","trial, unit, time",224,136,6000,valid_timebase_6000ms,true,true,memmap_slice_capped_trials_20_units_5,None
230830,AAAX,SPK,ses230830-units-probe0-spk-AAAX.npy,"(31, 136, 6000)","trial, unit, time",31,136,6000,valid_timebase_6000ms,true,true,memmap_slice_capped_trials_20_units_5,None
230830,AAXB,SPK,ses230830-units-probe0-spk-AAXB.npy,"(40, 136, 6000)","trial, unit, time",40,136,6000,valid_timebase_6000ms,true,true,memmap_slice_capped_trials_20_units_5,None
230830,AXAB,SPK,ses230830-units-probe0-spk-AXAB.npy,"(35, 136, 6000)","trial, unit, time",35,136,6000,valid_timebase_6000ms,true,true,memmap_slice_capped_trials_20_units_5,None
230830,BBBA,SPK,ses230830-units-probe0-spk-BBBA.npy,"(218, 136, 6000)","trial, unit, time",218,136,6000,valid_timebase_6000ms,true,true,memmap_slice_capped_trials_20_units_5,None
230830,BBBX,SPK,ses230830-units-probe0-spk-BBBX.npy,"(32, 136, 6000)","trial, unit, time",32,136,6000,valid_timebase_6000ms,true,true,memmap_slice_capped_trials_20_units_5,None
230830,BBXA,SPK,ses230830-units-probe0-spk-BBXA.npy,"(39, 136, 6000)","trial, unit, time",39,136,6000,valid_timebase_6000ms,true,true,memmap_slice_capped_trials_20_units_5,None
230830,BXBA,SPK,ses230830-units-probe0-spk-BXBA.npy,"(41, 136, 6000)","trial, unit, time",41,136,6000,valid_timebase_6000ms,true,true,memmap_slice_capped_trials_20_units_5,None
230830,RRRR,SPK,ses230830-units-probe0-spk-RRRR.npy,"(111, 136, 6000)","trial, unit, time",111,136,6000,valid_timebase_6000ms,true,true,memmap_slice_capped_trials_20_units_5,None
230830,RRRX,SPK,ses230830-units-probe0-spk-RRRX.npy,"(85, 136, 6000)","trial, unit, time",85,136,6000,valid_timebase_6000ms,true,true,memmap_slice_capped_trials_20_units_5,None
230830,RRXR,SPK,ses230830-units-probe0-spk-RRXR.npy,"(39, 136, 6000)","trial, unit, time",39,136,6000,valid_timebase_6000ms,true,true,memmap_slice_capped_trials_20_units_5,None
230830,RXRR,SPK,ses230830-units-probe0-spk-RXRR.npy,"(65, 136, 6000)","trial, unit, time",65,136,6000,valid_timebase_6000ms,true,true,memmap_slice_capped_trials_20_units_5,None
230830,AAAB,SPK,ses230830-units-probe1-spk-AAAB.npy,"(224, 513, 6000)","trial, unit, time",224,513,6000,valid_timebase_6000ms,true,true,memmap_slice_capped_trials_20_units_5,None
230830,AAAX,SPK,ses230830-units-probe1-spk-AAAX.npy,"(31, 513, 6000)","trial, unit, time",31,513,6000,valid_timebase_6000ms,true,true,memmap_slice_capped_trials_20_units_5,None
230830,AAXB,SPK,ses230830-units-probe1-spk-AAXB.npy,"(40, 513, 6000)","trial, unit, time",40,513,6000,valid_timebase_6000ms,true,true,memmap_slice_capped_trials_20_units_5,None
230830,AXAB,SPK,ses230830-units-probe1-spk-AXAB.npy,"(35, 513, 6000)","trial, unit, time",35,513,6000,valid_timebase_6000ms,true,true,memmap_slice_capped_trials_20_units_5,None
230830,BBBA,SPK,ses230830-units-probe1-spk-BBBA.npy,"(218, 513, 6000)","trial, unit, time",218,513,6000,valid_timebase_6000ms,true,true,memmap_slice_capped_trials_20_units_5,None
230830,BBBX,SPK,ses230830-units-probe1-spk-BBBX.npy,"(32, 513, 6000)","trial, unit, time",32,513,6000,valid_timebase_6000ms,true,true,memmap_slice_capped_trials_20_units_5,None
230830,BBXA,SPK,ses230830-units-probe1-spk-BBXA.npy,"(39, 513, 6000)","trial, unit, time",39,513,6000,valid_timebase_6000ms,true,true,memmap_slice_capped_trials_20_units_5,None
230830,BXBA,SPK,ses230830-units-probe1-spk-BXBA.npy,"(41, 513, 6000)","trial, unit, time",41,513,6000,valid_timebase_6000ms,true,true,memmap_slice_capped_trials_20_units_5,None
230830,RRRR,SPK,ses230830-units-probe1-spk-RRRR.npy,"(111, 513, 6000)","trial, unit, time",111,513,6000,valid_timebase_6000ms,true,true,memmap_slice_capped_trials_20_units_5,None
230830,RRRX,SPK,ses230830-units-probe1-spk-RRRX.npy,"(85, 513, 6000)","trial, unit, time",85,513,6000,valid_timebase_6000ms,true,true,memmap_slice_capped_trials_20_units_5,None
230830,RRXR,SPK,ses230830-units-probe1-spk-RRXR.npy,"(39, 513, 6000)","trial, unit, time",39,513,6000,valid_timebase_6000ms,true,true,memmap_slice_capped_trials_20_units_5,None
230830,RXRR,SPK,ses230830-units-probe1-spk-RXRR.npy,"(65, 513, 6000)","trial, unit, time",65,513,6000,valid_timebase_6000ms,true,true,memmap_slice_capped_trials_20_units_5,None
230830,AAAB,SPK,ses230830-units-probe2-spk-AAAB.npy,"(224, 125, 6000)","trial, unit, time",224,125,6000,valid_timebase_6000ms,true,true,memmap_slice_capped_trials_20_units_5,None
230830,AAAX,SPK,ses230830-units-probe2-spk-AAAX.npy,"(31, 125, 6000)","trial, unit, time",31,125,6000,valid_timebase_6000ms,true,true,memmap_slice_capped_trials_20_units_5,None
230830,AAXB,SPK,ses230830-units-probe2-spk-AAXB.npy,"(40, 125, 6000)","trial, unit, time",40,125,6000,valid_timebase_6000ms,true,true,memmap_slice_capped_trials_20_units_5,None
230830,AXAB,SPK,ses230830-units-probe2-spk-AXAB.npy,"(35, 125, 6000)","trial, unit, time",35,125,6000,valid_timebase_6000ms,true,true,memmap_slice_capped_trials_20_units_5,None
230830,BBBA,SPK,ses230830-units-probe2-spk-BBBA.npy,"(218, 125, 6000)","trial, unit, time",218,125,6000,valid_timebase_6000ms,true,true,memmap_slice_capped_trials_20_units_5,None
230830,BBBX,SPK,ses230830-units-probe2-spk-BBBX.npy,"(32, 125, 6000)","trial, unit, time",32,125,6000,valid_timebase_6000ms,true,true,memmap_slice_capped_trials_20_units_5,None
230830,BBXA,SPK,ses230830-units-probe2-spk-BBXA.npy,"(39, 125, 6000)","trial, unit, time",39,125,6000,valid_timebase_6000ms,true,true,memmap_slice_capped_trials_20_units_5,None
230830,BXBA,SPK,ses230830-units-probe2-spk-BXBA.npy,"(41, 125, 6000)","trial, unit, time",41,125,6000,valid_timebase_6000ms,true,true,memmap_slice_capped_trials_20_units_5,None
230830,RRRR,SPK,ses230830-units-probe2-spk-RRRR.npy,"(111, 125, 6000)","trial, unit, time",111,125,6000,valid_timebase_6000ms,true,true,memmap_slice_capped_trials_20_units_5,None
230830,RRRX,SPK,ses230830-units-probe2-spk-RRRX.npy,"(85, 125, 6000)","trial, unit, time",85,125,6000,valid_timebase_6000ms,true,true,memmap_slice_capped_trials_20_units_5,None
230830,RRXR,SPK,ses230830-units-probe2-spk-RRXR.npy,"(39, 125, 6000)","trial, unit, time",39,125,6000,valid_timebase_6000ms,true,true,memmap_slice_capped_trials_20_units_5,None
230830,RXRR,SPK,ses230830-units-probe2-spk-RXRR.npy,"(65, 125, 6000)","trial, unit, time",65,125,6000,valid_timebase_6000ms,true,true,memmap_slice_capped_trials_20_units_5,None
230831,AAAB,SPK,ses230831-units-probe0-spk-AAAB.npy,"(220, 137, 6000)","trial, unit, time",220,137,6000,valid_timebase_6000ms,true,true,memmap_slice_capped_trials_20_units_5,None
230831,AAAX,SPK,ses230831-units-probe0-spk-AAAX.npy,"(40, 137, 6000)","trial, unit, time",40,137,6000,valid_timebase_6000ms,true,true,memmap_slice_capped_trials_20_units_5,None
230831,AAXB,SPK,ses230831-units-probe0-spk-AAXB.npy,"(32, 137, 6000)","trial, unit, time",32,137,6000,valid_timebase_6000ms,true,true,memmap_slice_capped_trials_20_units_5,None
230831,AXAB,SPK,ses230831-units-probe0-spk-AXAB.npy,"(38, 137, 6000)","trial, unit, time",38,137,6000,valid_timebase_6000ms,true,true,memmap_slice_capped_trials_20_units_5,None
230831,BBBA,SPK,ses230831-units-probe0-spk-BBBA.npy,"(229, 137, 6000)","trial, unit, time",229,137,6000,valid_timebase_6000ms,true,true,memmap_slice_capped_trials_20_units_5,None
230831,BBBX,SPK,ses230831-units-probe0-spk-BBBX.npy,"(26, 137, 6000)","trial, unit, time",26,137,6000,valid_timebase_6000ms,true,true,memmap_slice_capped_trials_20_units_5,None
230831,BBXA,SPK,ses230831-units-probe0-spk-BBXA.npy,"(27, 137, 6000)","trial, unit, time",27,137,6000,valid_timebase_6000ms,true,true,memmap_slice_capped_trials_20_units_5,None
230831,BXBA,SPK,ses230831-units-probe0-spk-BXBA.npy,"(48, 137, 6000)","trial, unit, time",48,137,6000,valid_timebase_6000ms,true,true,memmap_slice_capped_trials_20_units_5,None
230831,RRRR,SPK,ses230831-units-probe0-spk-RRRR.npy,"(111, 137, 6000)","trial, unit, time",111,137,6000,valid_timebase_6000ms,true,true,memmap_slice_capped_trials_20_units_5,None
230831,RRRX,SPK,ses230831-units-probe0-spk-RRRX.npy,"(86, 137, 6000)","trial, unit, time",86,137,6000,valid_timebase_6000ms,true,true,memmap_slice_capped_trials_20_units_5,None
230831,RRXR,SPK,ses230831-units-probe0-spk-RRXR.npy,"(29, 137, 6000)","trial, unit, time",29,137,6000,valid_timebase_6000ms,true,true,memmap_slice_capped_trials_20_units_5,None
230831,RXRR,SPK,ses230831-units-probe0-spk-RXRR.npy,"(74, 137, 6000)","trial, unit, time",74,137,6000,valid_timebase_6000ms,true,true,memmap_slice_capped_trials_20_units_5,None
230831,AAAB,SPK,ses230831-units-probe1-spk-AAAB.npy,"(220, 247, 6000)","trial, unit, time",220,247,6000,valid_timebase_6000ms,true,true,memmap_slice_capped_trials_20_units_5,None
230831,AAAX,SPK,ses230831-units-probe1-spk-AAAX.npy,"(40, 247, 6000)","trial, unit, time",40,247,6000,valid_timebase_6000ms,true,true,memmap_slice_capped_trials_20_units_5,None
230831,AAXB,SPK,ses230831-units-probe1-spk-AAXB.npy,"(32, 247, 6000)","trial, unit, time",32,247,6000,valid_timebase_6000ms,true,true,memmap_slice_capped_trials_20_units_5,None
230831,AXAB,SPK,ses230831-units-probe1-spk-AXAB.npy,"(38, 247, 6000)","trial, unit, time",38,247,6000,valid_timebase_6000ms,true,true,memmap_slice_capped_trials_20_units_5,None
230831,BBBA,SPK,ses230831-units-probe1-spk-BBBA.npy,"(229, 247, 6000)","trial, unit, time",229,247,6000,valid_timebase_6000ms,true,true,memmap_slice_capped_trials_20_units_5,None
230831,BBBX,SPK,ses230831-units-probe1-spk-BBBX.npy,"(26, 247, 6000)","trial, unit, time",26,247,6000,valid_timebase_6000ms,true,true,memmap_slice_capped_trials_20_units_5,None
230831,BBXA,SPK,ses230831-units-probe1-spk-BBXA.npy,"(27, 247, 6000)","trial, unit, time",27,247,6000,valid_timebase_6000ms,true,true,memmap_slice_capped_trials_20_units_5,None
230831,BXBA,SPK,ses230831-units-probe1-spk-BXBA.npy,"(48, 247, 6000)","trial, unit, time",48,247,6000,valid_timebase_6000ms,true,true,memmap_slice_capped_trials_20_units_5,None
230831,RRRR,SPK,ses230831-units-probe1-spk-RRRR.npy,"(111, 247, 6000)","trial, unit, time",111,247,6000,valid_timebase_6000ms,true,true,memmap_slice_capped_trials_20_units_5,None
230831,RRRX,SPK,ses230831-units-probe1-spk-RRRX.npy,"(86, 247, 6000)","trial, unit, time",86,247,6000,valid_timebase_6000ms,true,true,memmap_slice_capped_trials_20_units_5,None
230831,RRXR,SPK,ses230831-units-probe1-spk-RRXR.npy,"(29, 247, 6000)","trial, unit, time",29,247,6000,valid_timebase_6000ms,true,true,memmap_slice_capped_trials_20_units_5,None
230831,RXRR,SPK,ses230831-units-probe1-spk-RXRR.npy,"(74, 247, 6000)","trial, unit, time",74,247,6000,valid_timebase_6000ms,true,true,memmap_slice_capped_trials_20_units_5,None
230831,AAAB,SPK,ses230831-units-probe2-spk-AAAB.npy,"(220, 200, 6000)","trial, unit, time",220,200,6000,valid_timebase_6000ms,true,true,memmap_slice_capped_trials_20_units_5,None
230831,AAAX,SPK,ses230831-units-probe2-spk-AAAX.npy,"(40, 200, 6000)","trial, unit, time",40,200,6000,valid_timebase_6000ms,true,true,memmap_slice_capped_trials_20_units_5,None
230831,AAXB,SPK,ses230831-units-probe2-spk-AAXB.npy,"(32, 200, 6000)","trial, unit, time",32,200,6000,valid_timebase_6000ms,true,true,memmap_slice_capped_trials_20_units_5,None
230831,AXAB,SPK,ses230831-units-probe2-spk-AXAB.npy,"(38, 200, 6000)","trial, unit, time",38,200,6000,valid_timebase_6000ms,true,true,memmap_slice_capped_trials_20_units_5,None
230831,BBBA,SPK,ses230831-units-probe2-spk-BBBA.npy,"(229, 200, 6000)","trial, unit, time",229,200,6000,valid_timebase_6000ms,true,true,memmap_slice_capped_trials_20_units_5,None
230831,BBBX,SPK,ses230831-units-probe2-spk-BBBX.npy,"(26, 200, 6000)","trial, unit, time",26,200,6000,valid_timebase_6000ms,true,true,memmap_slice_capped_trials_20_units_5,None
230831,BBXA,SPK,ses230831-units-probe2-spk-BBXA.npy,"(27, 200, 6000)","trial, unit, time",27,200,6000,valid_timebase_6000ms,true,true,memmap_slice_capped_trials_20_units_5,None
230831,BXBA,SPK,ses230831-units-probe2-spk-BXBA.npy,"(48, 200, 6000)","trial, unit, time",48,200,6000,valid_timebase_6000ms,true,true,memmap_slice_capped_trials_20_units_5,None
230831,RRRR,SPK,ses230831-units-probe2-spk-RRRR.npy,"(111, 200, 6000)","trial, unit, time",111,200,6000,valid_timebase_6000ms,true,true,memmap_slice_capped_trials_20_units_5,None
230831,RRRX,SPK,ses230831-units-probe2-spk-RRRX.npy,"(86, 200, 6000)","trial, unit, time",86,200,6000,valid_timebase_6000ms,true,true,memmap_slice_capped_trials_20_units_5,None
230831,RRXR,SPK,ses230831-units-probe2-spk-RRXR.npy,"(29, 200, 6000)","trial, unit, time",29,200,6000,valid_timebase_6000ms,true,true,memmap_slice_capped_trials_20_units_5,None
230831,RXRR,SPK,ses230831-units-probe2-spk-RXRR.npy,"(74, 200, 6000)","trial, unit, time",74,200,6000,valid_timebase_6000ms,true,true,memmap_slice_capped_trials_20_units_5,None
230901,AAAB,SPK,ses230901-units-probe0-spk-AAAB.npy,"(247, 508, 6000)","trial, unit, time",247,508,6000,valid_timebase_6000ms,true,true,memmap_slice_capped_trials_20_units_5,None
230901,AAAX,SPK,ses230901-units-probe0-spk-AAAX.npy,"(30, 508, 6000)","trial, unit, time",30,508,6000,valid_timebase_6000ms,true,true,memmap_slice_capped_trials_20_units_5,None
230901,AAXB,SPK,ses230901-units-probe0-spk-AAXB.npy,"(40, 508, 6000)","trial, unit, time",40,508,6000,valid_timebase_6000ms,true,true,memmap_slice_capped_trials_20_units_5,None
230901,AXAB,SPK,ses230901-units-probe0-spk-AXAB.npy,"(30, 508, 6000)","trial, unit, time",30,508,6000,valid_timebase_6000ms,true,true,memmap_slice_capped_trials_20_units_5,None
230901,BBBA,SPK,ses230901-units-probe0-spk-BBBA.npy,"(216, 508, 6000)","trial, unit, time",216,508,6000,valid_timebase_6000ms,true,true,memmap_slice_capped_trials_20_units_5,None
230901,BBBX,SPK,ses230901-units-probe0-spk-BBBX.npy,"(30, 508, 6000)","trial, unit, time",30,508,6000,valid_timebase_6000ms,true,true,memmap_slice_capped_trials_20_units_5,None
230901,BBXA,SPK,ses230901-units-probe0-spk-BBXA.npy,"(42, 508, 6000)","trial, unit, time",42,508,6000,valid_timebase_6000ms,true,true,memmap_slice_capped_trials_20_units_5,None
230901,BXBA,SPK,ses230901-units-probe0-spk-BXBA.npy,"(42, 508, 6000)","trial, unit, time",42,508,6000,valid_timebase_6000ms,true,true,memmap_slice_capped_trials_20_units_5,None
230901,RRRR,SPK,ses230901-units-probe0-spk-RRRR.npy,"(106, 508, 6000)","trial, unit, time",106,508,6000,valid_timebase_6000ms,true,true,memmap_slice_capped_trials_20_units_5,None
230901,RRRX,SPK,ses230901-units-probe0-spk-RRRX.npy,"(104, 508, 6000)","trial, unit, time",104,508,6000,valid_timebase_6000ms,true,true,memmap_slice_capped_trials_20_units_5,None
230901,RRXR,SPK,ses230901-units-probe0-spk-RRXR.npy,"(40, 508, 6000)","trial, unit, time",40,508,6000,valid_timebase_6000ms,true,true,memmap_slice_capped_trials_20_units_5,None
230901,RXRR,SPK,ses230901-units-probe0-spk-RXRR.npy,"(50, 508, 6000)","trial, unit, time",50,508,6000,valid_timebase_6000ms,true,true,memmap_slice_capped_trials_20_units_5,None
230901,AAAB,SPK,ses230901-units-probe2-spk-AAAB.npy,"(247, 188, 6000)","trial, unit, time",247,188,6000,valid_timebase_6000ms,true,true,memmap_slice_capped_trials_20_units_5,None
230901,AAAX,SPK,ses230901-units-probe2-spk-AAAX.npy,"(30, 188, 6000)","trial, unit, time",30,188,6000,valid_timebase_6000ms,true,true,memmap_slice_capped_trials_20_units_5,None
230901,AAXB,SPK,ses230901-units-probe2-spk-AAXB.npy,"(40, 188, 6000)","trial, unit, time",40,188,6000,valid_timebase_6000ms,true,true,memmap_slice_capped_trials_20_units_5,None
230901,AXAB,SPK,ses230901-units-probe2-spk-AXAB.npy,"(30, 188, 6000)","trial, unit, time",30,188,6000,valid_timebase_6000ms,true,true,memmap_slice_capped_trials_20_units_5,None
230901,BBBA,SPK,ses230901-units-probe2-spk-BBBA.npy,"(216, 188, 6000)","trial, unit, time",216,188,6000,valid_timebase_6000ms,true,true,memmap_slice_capped_trials_20_units_5,None
230901,BBBX,SPK,ses230901-units-probe2-spk-BBBX.npy,"(30, 188, 6000)","trial, unit, time",30,188,6000,valid_timebase_6000ms,true,true,memmap_slice_capped_trials_20_units_5,None
230901,BBXA,SPK,ses230901-units-probe2-spk-BBXA.npy,"(42, 188, 6000)","trial, unit, time",42,188,6000,valid_timebase_6000ms,true,true,memmap_slice_capped_trials_20_units_5,None
230901,BXBA,SPK,ses230901-units-probe2-spk-BXBA.npy,"(42, 188, 6000)","trial, unit, time",42,188,6000,valid_timebase_6000ms,true,true,memmap_slice_capped_trials_20_units_5,None
230901,RRRR,SPK,ses230901-units-probe2-spk-RRRR.npy,"(106, 188, 6000)","trial, unit, time",106,188,6000,valid_timebase_6000ms,true,true,memmap_slice_capped_trials_20_units_5,None
230901,RRRX,SPK,ses230901-units-probe2-spk-RRRX.npy,"(104, 188, 6000)","trial, unit, time",104,188,6000,valid_timebase_6000ms,true,true,memmap_slice_capped_trials_20_units_5,None
230901,RRXR,SPK,ses230901-units-probe2-spk-RRXR.npy,"(40, 188, 6000)","trial, unit, time",40,188,6000,valid_timebase_6000ms,true,true,memmap_slice_capped_trials_20_units_5,None
230901,RXRR,SPK,ses230901-units-probe2-spk-RXRR.npy,"(50, 188, 6000)","trial, unit, time",50,188,6000,valid_timebase_6000ms,true,true,memmap_slice_capped_trials_20_units_5,None
